# One line per commit, oldest first: unix time, commit, peak resident
# bytes while that commit's compiler checks that commit's lib/json, and
# the size of that library in bytes. Both move, so the ratio is the
# figure that means anything.
#
# Measured by scripts/backfill_history.kso, one build per commit. It
# cannot be regenerated cheaply and nothing else records compile memory
# before 2026-07-31, so it is checked in rather than derived.
1783827417	17afa2b34d6b1cb27f5d38dc79d06ba733da5ea7	1720320	7868
1783827643	75c90dc56a1eddf32c2b82c07faaaa9f609cf9b4	1736704	7868
1783828258	315615bc3dfe6145b7886c42ac35dc4fae83dbd8	1736704	7868
1783831213	72a367edfe6d51d3789593c6e9da289e5c9ca21a	1769472	7868
1783831872	4991ba0a92231c08a5a9b4d6ccc79ad04b8f91f9	1785856	7868
1783832767	de3a1c2b74c02d4a2781842e7b235bb280ce4c5d	1769472	7868
1783833271	77e7e9053d0ecef7fe286ee8d264e534b12eacab	1753088	7824
1783833355	934992b414263160f6cd0b7debb4283c7ac55a02	1753088	7824
1783833734	33c7a97ed2f885f5c2cf7cfb9f65c25411ce6660	2883584	8035
1783834108	c3dcd39336a3a8acd9378ee81e6bd674ebb3021b	2801664	8035
1783834529	ebcb1ff2740a4d2dfe2a6f7fa8b66c87ff255f55	2883584	8020
1783834548	5e5903e3a5c9ca1ed325f69ae6aeebeda5f30c59	2768896	8020
1783835406	3a7a971e5369f2387c94c58da32726e0f67e4d25	2867200	8020
1783836413	078ffe3269d22133f65f36846da00b27d7f014db	2949120	8483
1783837684	89bb399a0bf894f4151320d8a8610342656646e8	2932736	8483
1783844282	1d0f1c763fb79691bdba0ba1b22d984ac7fc15b3	2850816	8483
1783844326	fb0143e1d9bb122433354149abd90a4c96e3c91a	2998272	8483
1783844744	aa6780fcef2f23f11815e26c4e2b2e651798752b	3031040	8483
1783844818	10a4586f694170d6bbb9578b857491c68e3135b2	2981888	8483
1783845009	35cac87c046daa470a3b974d1697dbd8b16f1bd3	2998272	8483
1783845094	87ad4ff472c1026107643f26fab6b648f2387387	2998272	8483
1783845327	60c639e400136174e93e97f0a3b6f2b152dd44e4	2981888	8483
1783845860	96bd5110e37751a6862ae95205e0c65196698217	2981888	8483
1783845976	63a9227f77d54d953a52658c76156d131a2eccde	3014656	8483
1783846427	dc116718d3635f848329806ae976696c7c55a663	3014656	8837
1783846465	fa12877f68b79b4147f0919f8b1928aa5c515d37	2949120	8837
1783847335	abefb574c4fdf0939481b11e318e387062e2513f	3031040	8837
1783847361	89d4a73f0ec4195bd8a6eeebe304c89580058b52	3014656	8837
1783847428	aa39f4a8326121f0f2799d8c4e042cedd0a4bbe6	2949120	8837
1783847652	042470b17b44d385b107838ee39d46cfe6314f19	2965504	8837
1783847901	67a8ab5f93b8f23a2e70e4cb47cde327a3f59463	2932736	8837
1783848098	0758a60b444a554befa427a25180599480506f3c	3063808	8837
1783848815	1e7e0be3724af0e38bdeecbb4549a0b3acda74a6	3047424	8837
1783849470	189487f3c32862ff3eb97d7b737439810f762bbd	3047424	8837
1783850514	cf491fee0f5331d8eea105c5f14191aa0f24051c	2981888	8837
1783850781	4bef255e09af5f2ab2cac02ee9560cf4df2932a1	2981888	8837
1783865451	b091e24bbb917a6cbf34f7c0d168c86704ef1729	2998272	8837
1783866076	2acda8d6a42c70dcd9ba2a36a034decb7a0c6e51	3014656	8837
1783867330	4ffd3d9ad62d732d0afb995f3a8e6e3596fee8aa	2981888	8837
1783868924	4f3a80f3b4e9ccdd8ed0c6c6878991c68dc73933	2998272	8837
1783869078	a4633ff2cfb2ab5268085d444f740274dccfc6ea	3047424	8837
1783881863	3e171a7ec9964a8ee07ccfa03acccaa860af596b	2998272	8837
1783882164	b72145c46f359605cddf014d77af84812ce73714	3014656	8837
1783883150	02e680ffe5460dae2819c34f5118b5c299ea140a	3031040	8837
1783883270	d9e6f194f0614fbec345ea1ecddca55bd81e904b	2998272	8837
1783883386	6a80fd1f25bc0dfa2f8292a7730a1f091c996996	3014656	8837
1783884153	6bb1c78de00fb129a73829eb3dec9377e25bde67	3014656	8837
1783884463	2099c139b17f45c4d1d3c3ed46331ddfe732624f	3080192	8804
1783884849	da4e79305264440657a8a4b9ceae3d70fba707e9	3047424	8804
1783885170	695f70e991d289d924a9159b587d24e434c525b5	3112960	8804
1783887702	3f2706fe2503b890b5c1baf80c34d252847e3a1e	3063808	8804
1783887713	c6698412f5fff2cc83237c60968fb893b16aa9d8	3080192	8804
1783889617	495b9f8cbe9b80c8a9428eb5f8ba00e9cfe201cb	3063808	8804
1783890026	2fa94c70d7b52d09a112a80e7a143ef2637ebdce	3063808	8804
1783911984	ff6187038a79d33980faa57e31be295486e83f8c	3112960	8804
1783912894	ab5656a5c86bd1cae92354ccfbd3be266ae09620	3047424	8804
1783913209	9e830929a2c9a87bd9cae04150c1f0eca5184814	3014656	8804
1783913542	d8809b68938cb2951418bf58cfeb3f7f0fd7f817	3014656	8804
1783914259	3327c6d7ffe59fd62f612d0058087f39cf6c9773	3031040	8804
1783914954	6682f9acde872ef1c246af361a65850dce679862	3047424	8804
1783916174	75a6b50898f426eaebf75e121b17ccba088e2564	2998272	8804
1783916346	05bd63158a7764becdfe5fe81a15404accdd48ce	3031040	8804
1783918727	d6a5205e160a727053f60667b27534632c5b899e	2916352	8804
1783919976	13e4bb20d9f589d4da68a5e31ca3e6595fcc306a	3096576	8804
1783921820	b359d78d4b6ed5656660747fd54a225e53e1fb97	3145728	8804
1783923587	21fe322f1942082c55292db37d81bc55853f2489	3047424	8804
1783924814	72f65512a002d87b60587c803021ae81c8ac3970	3129344	8804
1783925367	fe871af8b443045734da9278397793e02f069459	3162112	8804
1783928154	49460ab0797494a61841bde40030f1d4eaad0dd9	3112960	8804
1783928634	aca9631d46057274b1d316f61a3704049301aca2	3112960	8804
1783929048	ead7a04be77bf414ccfdcfddb75d702578cdc4b0	3112960	8804
1783962128	f89463bec8e8aeefa953d7da8f7c5c98813fe39f	3047424	8804
1783962576	f8bc30723cad0057dc6db435eba3512aef74d588	3031040	8804
1783964929	c795f58d40d2f7b50d62a5b255d6248deaaddd1a	3080192	8803
1783969858	ab0329e283b0585a3c49287b801f4149564ff054	3096576	8803
1783970475	96533ec99518eafd76c6fde81bea97fde9f6ca48	2949120	8826
1783973066	37472a0b1e97f591fec3cfe97bec242facd869d1	2998272	8826
1783973205	42e1a075f47be41b25aa0b62d6f702e87386e46e	2965504	8826
1783998975	7bf01476545bfa0f533082c0f822585f6afec89d	3178496	8826
1784006513	aade6eb052d82f66fceb5b90dd571a3432692202	3080192	8826
1784011564	a9be285a6f5c9c38e65338b3107cbb5e0b95efd8	3112960	8826
1784012107	b71d6c5db7a9c9b8532c10b09480ff4d99383be2	3096576	8826
1784049347	51bdf6b412bf00db3013da4f8c05c43deb63bd40	3080192	8826
1784053943	cf6406eaa9b4120cd8e71dc5358f8b189dd33bdd	3080192	8826
1784054532	ab44c078bd70df8938a05e4ae5a24c293b3d5519	3063808	8826
1784054847	ecc7a7efde8c251a132d5fa0bd0b5cd4651e5722	3145728	8826
1784063962	3818b85214ffd9c745bbab0e79c08c4ac4e362dd	3112960	8826
1784064682	08618d2672d0bd5ba202183a6f4a6ef5129077f3	3112960	8826
1784066669	66c9fb61e9d2cf2a3e0238d7d268d301bc29ffaa	3047424	8826
1784067236	8bbcdab6093973d57110d45591ed4407d87f528e	3031040	8826
1784067511	7a61f30a4108e03b7737530833f5ddc0ca729ab8	3080192	8826
1784067995	8b0bb837c13330fb39a9be50f5cc619d07263af0	3063808	8826
1784069283	06049d3b593050e6230c3fad4a8d255aece91802	3112960	8826
1784076016	15a8119f9d5567745c76382d7c8a4a833894231b	3129344	8826
1784094257	e504acdf7bd7d09752224ad4ada6f57588049860	3080192	8826
1784094607	0f8e3f2c6f695d96ba8262eaf4e2c46fb42f30ab	3063808	8826
1784095877	5eaf19afa8f9bc6fc44e1e42d0a1a0d4f8b91b2f	3178496	8826
1784095987	c303f01bd697006089de0c4c8771f792b5031bb2	3129344	8826
1784096477	cfa639405035e31dffe30763c16d6719786ab6f9	3145728	8826
1784097390	772461ae9aeb82ac84951c72bbfe4e283779e363	2998272	8826
1784155441	e779d578a57ee63e6cbd9161c355f9590ae96b53	3112960	8864
1784160156	1b50c495405ea98a9245eec1868ef71a87373e13	3096576	8864
1784162689	b20e9a73828f1b55ada8a93def05c0d800bafee9	3063808	8864
1784170695	b7d35d5c581a558e1276e02aa8d30e3d0a7015ed	3276800	8864
1784170988	e39a2190d18ec03dc61c95ee1ee317be5f041f4a	3178496	8864
1784175800	a8b86fc6760e9198ef0ec7092061e9ce4b4e4093	3194880	8864
1784175915	1c8cd4a414e8540d9b43b908d21209049c20ca02	3178496	8864
1784330132	022bf4503cb701f0f998d5da96ddc772626f0913	3129344	8864
1784330228	f703a22eefa7f0ace890137ca5f14daebcb045b1	3129344	8864
1784331173	bf30609d20e1ab501995c465b02d7c3908044a9c	3080192	8864
1784430139	daa8b6c5c492485c3d3d3036ddbaf2d67302fa5a	3194880	8864
1784430534	53d665fefede9e2177014e61c85310ea6757ce7a	3227648	8864
1784432416	c502b9efc155112706df05255134c4ef34241de1	3063808	8864
1784432477	2e3f5b569d1b1544c74ab9c8856b74c5ca9ea084	3227648	8864
1784433614	0dcdb8a083654497a2d9de686819adcc5e7819e8	3096576	8864
1784434849	59f3c115a5f9b41e39d523a45aed68740c64e426	3014656	8864
1784434927	be42490e3b6c4286eba98ae2f2a0a61f0e1dee6f	3129344	8864
1784436497	41016fd0961049cc2791f01b11c35c6012e110df	3129344	8864
1784437553	a38bef6ab9d817249edba98ef1da9789f943a2f4	3112960	8864
1784438265	f0cd1d1d5b8ba07c29599632abdc22423ef2ff4f	3063808	8864
1784439420	18f239503e80b0b757951df975e5b903c6992dc3	3080192	8864
1784440396	f69148a365b47211eb131489266094e848d51994	3080192	8864
1784482557	dbd8fcd3532421a457407c32dd4324f6726842cf	3096576	8864
1784482956	f06be5c4b8c0a5af76c05a4faf680fca563ea3f8	3112960	8864
1784483179	e88c0357947e9548f8caab468ccff2813671a84a	3063808	8864
1784483580	0294c70a614bd94ce962934b74a7c918a4632e4a	3178496	8864
1784484334	d1e925623d77d06cc656ba10aa2f23755818086d	3096576	8864
1784484393	d383b36afb4d0bc2ba8d6148cb95ca2246c1fae0	3194880	8864
1784485241	2075b6476d6e1d57151036493a982a482355316c	3194880	8864
1784485975	a92130fd6588500b29873416484bee24544e6093	3211264	8864
1784486432	0546790081b4f46a2ab76267c6707f79a17090d5	3194880	8864
1784486583	1b42f339a6de535e07f0d0a0bcdd68fc0b99291a	3211264	8864
1784486695	556397ac332a95d8e7a490085bf334929d63cc73	3080192	8864
1784487162	a49552fd77fd1e9e4f7944ae881e314cdf088e6f	3112960	8864
1784487353	ec3a3de83d78fd590fee8dbab5880cf9b55e0f5b	3112960	8864
1784487691	48a2b50fa7bbaf48e8fadd40e32865ae45823e75	3145728	8864
1784500101	acfdbf1bcb46335ef43252b1a43ad2b655235e91	3112960	8864
1784503032	777c462278ea88a8792fa1b1c96fb37dd5ea1a2d	3129344	8864
1784507046	c9c018692c2396ea28a4898b50f11db53acead4d	3096576	8864
1784507536	889e49677446308bdca2ce313524a0869d89a619	3162112	8864
1784507972	0b8c1004a02d4a5a29ae874eaa9776c4ca9e37a5	3162112	8864
1784508265	8e32df20b7d4df5ace9ff5c5d701871aa634495c	3162112	8864
1784508689	34f6cda2c53aca8ed53814d6eb11d32428b9150f	3129344	8864
1784509243	98d32ba0b5f78a134c9a8cd2ba69dc9eb13237b1	3145728	8864
1784510195	58868fda802ad0461bfb516e0c4f45f78ea0d7ff	3162112	8864
1784510247	339f81c72bc7da0777a7f922f798fd09b0ba1512	3145728	8864
1784510856	e4cdda4dbc3fd4c0cdf82cd5f6fad2f08acb1d69	3227648	8864
1784511996	3b86dea4d09879af5fde8746d841f16b6652c497	3145728	8864
1784512116	9df9c07a6a4a41e7859192ee1d145c804e9decfa	3211264	8864
1784513878	2e8e2c60f9f04224d1536b99eed5e73928547c6f	3194880	8864
1784518031	7b547cff3f6e1ac8ca185898607a0aabfa7587a5	3162112	8864
1784521528	51658315d7ea3eb87fb5206433f3c70ac5e0855b	3112960	8864
1784521605	ce11544ccfc9cc122317c7efbcbcc82801ae6582	3162112	8859
1784521805	8c9bdef0545a39a9e41539f01bb0c31ced40b493	3178496	8859
1784522350	34393c771dd6690e5d4f8ce1b7fac695c5cacd02	3178496	8859
1784525578	4dd5642c046afa5c03c86451bedfcdfc3cd18ff3	3178496	8664
1784536117	0abd90a1c9251ef16f810c16f30591e83c0134c4	3260416	8664
1784536693	a1c3845d0bd3f569ab89b861c79b9cb2d33dbe80	3358720	8664
1784564021	99fcb8c03b48790a9992e31b58dae354b69642c1	3391488	8765
1784565134	8d6e3bc5722720c7226e17a519d14e7eedde5562	3391488	8765
1784565692	e57c6ff2991811173b5dc620963c73dd4b6c2e39	3457024	8765
1784567952	15525414d9c6f1f04debcd44b66c817223d720d1	3375104	8765
1784580943	6f607fad937f0dd611730ecd7574893dbed7daed	3358720	8765
1784581596	2f4fce109c9006d54ce9ff7a2e75a23f3f3017a7	3457024	8765
1784583326	3702add7c48e151267fbb8c929357fbbb864fec0	3358720	8765
1784584181	496246c02bea9dd9dca97e8114b9ad83ba4dbca7	3407872	8765
1784584802	d05062a48cc625a078dcdb46c8c8816686495fe1	3407872	8765
1784589633	2bdb6f9335c17ba3f54d55769466dca3c95fbe4c	3375104	8765
1784589934	3dc04be1c41dc9a78cbbf4ada34a63815d5074ab	3358720	8765
1784594876	8180ba8719e660843cea2f04ea64d83645fece4c	3309568	8765
1784657553	5a2765752df7a9366dee06bc6a200da7a9b8194f	3325952	8765
1784667221	64bc86a3595b0c328f9b125203b69ac6148f1935	3260416	8765
1784667439	8beda418d07086f3ed7a88fc02b47c4a312e3ac8	3260416	8765
1784670645	2b4a8ac7002614b0b6bd67fe2c7cc5e4a92e5107	3358720	8765
1784671501	1359490a85323060615a418a78ae78de42a1a8b8	3506176	8765
1784671696	fd96b114f6abbf6b10e804da79d45e8e60fb49c5	3457024	8765
1784676127	dddd550497f46655d271233dce9f102d76e7811e	3424256	8765
1784676886	7610db30024820955a0c077c4b2ab87491bf1df3	3440640	8765
1784677290	6a40e62e61405a00b9845b46686d04bf75313977	3457024	8765
1784684088	e5ed72877552328bc47cd6798977a316c6359608	3620864	8781
1784684615	9e564ff0b9b2b6a531d0922833dce182812b2ab8	3604480	8781
1784684944	f64a2f4fa1886a2c656f9347df779487157a9e2f	3653632	8781
1784685378	ecd82b7ef2e1aa420a40fc0638f312b7a074b3b8	3604480	8781
1784685560	4a95a218a7d14035091cdbafee4d7e0a3330e0c4	3637248	8781
1784687298	cddd24247e86822dd4ec7e74957ca8ed00e7fb49	3571712	8781
1784690972	ce534f7635e834a29f3dd66e6b6704cd81f82c87	3571712	8781
1784695342	6fc2e643f89dbbce9b96422913dcf1df9ff69de4	3522560	9048
1784697238	b904170fe8a54a1a4e5927cef5cfc6b282055545	3538944	9048
1784700282	3d8bc0f6872b015a166ef201d3955104e5b08915	3686400	9048
1784700824	5f9263d0993ff0eb4574e27fd168a9b2fc2f589d	3784704	9048
1784701837	ea70f179feef426318577e0367a236b99650a46c	3702784	9048
1784702738	76ff6c7c13028047682b667f1b7f9b59f3019543	3751936	9048
1784702963	b59dbb754e5e4bc551c5969d118c650d50980440	3784704	9048
1784703434	998ae62f428259025db6562b20cbd9238ba6f503	3653632	9048
1784704353	308c856e42bc7eb724e9b9535da3951a26d5bdba	3686400	9048
1784704761	f80c46db9418e10aaf37d38fb1df164831f60e3d	3702784	9048
1784705719	337da22d6a8b813161de530603895832d647a48f	3735552	9048
1784706332	71d236ab63137e6167db7db550aeb4bda27e5420	3768320	9048
1784706420	165a4f2e0bf73be8061b4f70bf45a23e81ffec8a	3670016	9048
1784706545	aab33bd7c57b2bdb989271e37e5379a48f164eac	3686400	9048
1784707002	d494c240b9a3a30b5584792a453e8fb33b0005d9	3686400	9048
1784707526	1ed89472aeda27db29748ef0ee7c3d881d654402	3768320	9048
1784707652	e50d3e8611b7c1fbbd48084268fc6bb2a9303e96	3768320	9048
1784713321	66cdce990424b976af7ecc29e83e92d60aa9629b	3784704	9048
1784739813	1b67466eb54376f6d82c8130e0364199fab168c8	3768320	9048
1784740407	7348a8588214094475dced4842be0e3926bf726f	3784704	9048
1784741442	e8e5553d600bffe86a9342765dd5e8561d69b154	3817472	9048
1784741619	d1f83a3b9ddf530940df815566eab46471a5490d	3784704	9048
1784746632	a346795354ca95e8430bf971c757a2a49c4317fa	3784704	9048
1784749531	e735ba1e2c4a8008306f2dd513fe3d024c3f0297	3751936	9048
1784749710	8439a2f5d9c9cc3dbd09f1d806e4e6d74c333f96	3768320	9048
1784750037	69c7fb6edff472d13de32b1984a7716c7c80606e	3719168	9048
1784750455	b1577ffd27208fb924928ad29b99e976eec5c854	3735552	9048
1784752309	130de07187b007284281ec467d18a4b9c60db7ac	3702784	9048
1784752437	799966bb58e52e492fefe973b97ea869e19967e1	3735552	9048
1784752691	0cf55b7370b10a8fdd0c8e203f4f4431f654d7d9	3801088	9048
1784753223	2c2d4f8ce48ed6b005d06d9c8d855a1dbbe22288	3817472	9048
1784754718	62562078ac8d1f14a3322912b7dc6f30a18a0923	3735552	9048
1784754828	4d95cd3bc003296e12e0aba7e33fb5cfc5d0d78c	3784704	9048
1784756077	0a20946aec848d095aa2794e8d30180030179e87	3964928	9025
1784756320	c0669b15cd5797a15265f44dd2088f84fb0477ea	3915776	8961
1784757181	d7d9860eb1ae6b179953748e1f82767e2c07a389	3883008	8969
1784758546	78e4d015f7ce98fe8a1fdd42d939ad8acf058232	3981312	9046
1784758812	ffa3f0d8f3ad53ebd56da28136591504a3295631	3997696	9046
1784759115	3f2d20624560d81d7331206d10377947b5966eea	3981312	9046
1784759884	74306e3d043d997e2c24920f26856288c05bdd3a	4194304	9046
1784760013	75796ce68ee446346a127362f54a2d273faf80fe	4210688	9046
1784763318	ccca677225978abdd69d89e00c58262f4534c3c5	4096000	8987
1784763504	bc73a26daca5b0cbe8d9ad81ffc4a4c8bc46e3f0	4341760	8987
1784767283	dea5157f09bc08c5c85a13e59025392dec0f6bca	4161536	8987
1784768062	e9fcfaabf4f8949542443caee5ca4dae8cece6e3	4194304	8987
1784770388	8dd110d6c3d1ad6474b5a4d0e5f2c58351bfac29	4161536	8987
1784770502	603ff92a923a91c75a9b4b643fbf12e65141378e	4112384	8987
1784773704	d7096652afb3a5b0c05aba48f25fd1fdc5394248	4161536	8987
1784774068	492f28b576d474d52d3f9573076dc182a31c91c2	4177920	9364
1784775313	c2e9104267e017330b130544f9439265cf7ba98a	4227072	9364
1784776970	09440a7e640698d9abb3b42c9579f1bc9946a481	4210688	10687
1784777309	7074691a551357338f47ee8caa6c1ecf430bb883	4177920	10687
1784777918	82d8bda4de7d26c18535f47e31abd7b25c5592c2	4128768	10687
1784781580	2f1f673a05ceb943ce1585209e53cde4b2f195e6	4194304	10687
1784783815	8534679ef065a99298b90f6589afb956842e6ad9	4194304	10687
1784786897	a03901e4f8f41853c091f1813bde2e11269d58f2	4177920	10687
1784787771	9fa02b9b04d3273311a525fed1f76d7f0339d077	4177920	10695
1784824188	1d95fff5508dc267695e170d35227b229397b936	4128768	10695
1784830498	05ea5a33c46cd279bd9b5bc0e5ad18c51646dfaa	4243456	10695
1784832706	2fb26e48023dd35733ea481becc8ef7b9787c343	4194304	10695
1784834314	ac56731c2cd19a3b4cc8d7ec591c0c5496b64058	4210688	10695
1784834603	43d920a526a3df03cc99b582ac72eafc30102cae	4210688	10695
1784834799	1ac9b8714c98ca471b29c349767ce4d889bba388	4210688	10695
1784835371	dcca36671bc19a7e76113bb5409c56ef787a392c	4177920	10695
1784836107	1905db7fd7e995944bc62c29cdeb9dd3a851cd63	4292608	10695
1784837969	f7cf8dca1698b3b71d2d496b10b299932cbc93e2	4259840	10695
1784839923	12f9fe4466acf3856e63ec8f760affc593ffbdd3	4161536	10695
1784842482	4fcf01ef35191d1309a3ec3e6fcbf1215684efca	4128768	10695
1784842784	7180764ef4066b9f1dc70213d5c49c3971e3efcd	4096000	10695
1784844016	ee91301a4238b43ec5e289bdfc1eec3d9b3cba1a	4227072	10695
1784844382	118a0aa1325f76173c5e899b0f336441595d0332	4407296	10695
1784845198	384517b67b8001b6a437942777e47a16dfa6ac0b	4227072	10689
1784845690	38b3a085cd92415eeb4d68d0305c6b66b3ca49f9	4358144	10689
1784851729	becd3659bc29cf7d52e0e87c6fb784474d8a3e79	4292608	10689
1784852248	7a5def036471e43f5d06eb664fcd1dd63f1cb119	4325376	10689
1784852516	22e3c78dab0f0fdb31fd529fec5591f532403e80	4243456	10689
1784853225	6acc0365c1728b12524beb8ea990f9c8391f7795	4259840	10689
1784854552	b9db223255a6fb5c17a809d1e7b0ad76f2273a47	4259840	10689
1784855254	b450d7d4cd433e3342a5beea378e91f77e504133	4341760	10689
1784856775	889a18aef93ecf847e01120d87e1cf9bab38b7dc	4177920	10689
1784860222	4d26a61e7880d6c43459c18bd3e40a8dd5b78cd8	4227072	10689
1784860463	e2f22628ad86d99b527e5905093ed381784627cf	4210688	10689
1784863737	4e2346d0d920d61c60122cd6e170927b8464539e	4308992	10689
1784865405	d2217976dc09664dd8aae44ae56e96682d0a0b53	4325376	10689
1784866108	f56916bee5be7c7c2d5b337d7db2c5bea3ebb22c	4292608	10689
1784867196	a84a6e046c8c968f18d4ff5fc60c9c8542ae5cf6	4276224	10689
1784867761	76fa282ebc9d7cd69d28739b68c6e70bda57b95e	4325376	10689
1784868871	9c32fe0420a4d99b8ee930893f9dbabf01defd84	4227072	10689
1784869245	93672621cab803998384138f29cb8ec40707542b	4358144	10689
1784872328	75a3f49be75b8331b9c67a47503bb26a00dbe32c	4374528	10689
1784872579	bb9c3549f83dfdd0e0538ba6a04380129eb8e4e3	4341760	10689
1784874893	9133a79b2a41886d97475cde0372ae413bf6a504	4276224	10689
1784875406	42c9a4aa59d496a292936a1a6e3f76dc611a1b7a	4325376	10689
1784875847	5e9d0eff591e1f49e0cedb61865808a1f8e05526	4177920	10689
1784876533	89fc81fa1a3d60c6bc10405d017f95df709bd1df	4390912	10689
1784876908	dacbe7a6c78bdae1f7fea30b0d62224d5ae0f7e7	4276224	10689
1784916948	113a85e8803c0a76222d4d5598007df1c49c7d64	4308992	10689
1784917777	c1603a90d303172107afc98e2aa5af412c591d01	4325376	10689
1784925279	02bd352741988055603df039fea38cb115a3565a	4227072	10689
1784932411	5c7aaeb3c0062cb2d7fe3bf2812aa2e141ac6286	4325376	10689
1784932698	290bce54806fe2f71e9cd6b08d8f7c3a934e8e80	4259840	10689
1784934799	aa7ddee99bf69c499fa2c9f0a009b01ea1128ead	4276224	10689
1784935302	bce5ee389c81296777db4418686e148adfd21768	4227072	10689
1784935692	0769c3abddd68e6dea7c4f29e065816f719df841	4227072	10689
1784936038	884b2358ddaea629c1cf7b4bcbf8614cf2ca9afe	4177920	10689
1784936315	385434110c589d0c7ebcc0a7b297e841a43e5717	4243456	10689
1784936498	a55d38d4547f8df75e40bb1ca7c7271258cd93ad	4308992	10689
1784936778	8dc9c894a5a764ac3e084b0ba6c4fc7cde44f7f6	4243456	10689
1784937089	36ce7f998751ac5b515a3c3358c5639d62a5c0b4	4243456	10689
1784937603	9ed877445c17c78189625c19dbfc1b07328810d7	4227072	10689
1784937991	3ba2f9fb6df06d01ff3bd31f610c31de90e467b4	4276224	10689
1784938398	16c1bddc18778a32962db9b41cf2447a52872a45	4358144	10689
1784938626	91a14d893f6b89de499e6d766d5331f262bd0a51	4292608	10689
1784939056	728d39ac49a95cb8e8bc3832453b01321e82b42d	4341760	10689
1784939269	198e5f55af80548bd38923203af8cc7f0f903fdc	4358144	10689
1784939768	0032f76e1bf2b83fec24bac067762716aa0d1ade	4325376	10689
1784941267	b50119f355b4ed2f6f88141bd7a53e23c8ba302e	4276224	10689
1784941602	56eeca9bfe80e85c2884dac060984a52a04a8a6c	4243456	10689
1784944093	4d36541463fb0487b850c0cb35ddcf4cb4ae791f	4276224	10689
1784944337	f1c4efbb2a8b39c8ed1786fedf1d9f71ffa66794	4358144	10689
1784945196	f4acf7701fa3eeada77cda79840955292b478811	4390912	10689
1784945816	b9790d178a29e04f88f3eb0fe728b9da4cc1e38e	4341760	10689
1784946262	32e5fcc9f44ee232986bf4c14fdfa3efab09e4b0	4325376	10689
1784946860	c12ca26b804c6b085acb8db24dea8fe2967bb2dc	4325376	10689
1784947207	bbbf16f27f5b2280a6315bf6ff3bc61c5ffb5c85	4341760	10689
1784947486	5d52c0dac4127d5eb43a734356b85cea15493828	4423680	10689
1784947918	2db307ee811cb749cd432002842ae12fb0534a10	4325376	10689
1784948481	4ea4a107002aa56b6f912219b007ce8e67e34e46	4440064	10689
1784949129	b9f60878eab53690c15dc501278665fe27900cb8	4308992	10689
1784949797	6c11cb75ccac97befd3a9e5f21c829f43c1d496d	4358144	10931
1784950160	3c3f82ad53f2e7c5e46dd2c030f009b042917b93	4390912	10935
1784951165	311955dc2eeb6f0f09cb9f9e903e510e85ded8ea	4440064	10935
1784951409	d4dd684db5cf5c09f169aa8e5660332ab032c56a	4341760	10935
1784952776	f53d9ad676c6dcb4061567395d7b8aca8f6e98d4	4407296	10935
1784956407	34ae63f41c292ee5bd36f381074c4f8609843c09	4521984	10935
1784958859	ed281b7dd831bd6ffe0c03b1c4acd6bc793f7a4d	4489216	10935
1784959652	98ed473221da0102086284dd3423a0f73ef2ecfc	4538368	10935
1784960124	657b65148ffaef751e5627d88840bf745febdeca	4358144	10935
1784960580	6962c517aede7896fe0bd98aea2f59ff756e1ada	4374528	10935
1785001991	7feb9a2c08df79cf280ad36a978281937139dd90	4308992	10935
1785002249	68ad5f9e75cc86a034ef4e88c79eab249421fe6e	4358144	10935
1785002710	a758b4654ab6f7ea0eb9482c5e8a82c19c26e4e5	4472832	10935
1785005720	2fc0664d93478222b6a9857347ea44de905f64ac	4390912	10935
1785007310	7dd471159f63948055d064761a1b08ff6c5b4b55	4489216	10935
1785008802	4bd31c46d0d6000194d4d2acb43c17234d4c9c2f	4423680	10935
1785009939	0aff3abc5f18af6feccbcd3839d1ccc5c81bbb06	4456448	10935
1785010186	7add3183ab33469792f8df64836e9517a4597621	4440064	10935
1785011436	842d9b82a48903a3200c5cc1d48e2432a91ee797	4407296	10935
1785012319	b2630e543c6647aa271404b03b325f12a8375903	4358144	10935
1785012950	2044110bbf99767f78686244d0efa6fccd8d15c6	4390912	10935
1785014804	2f4f41503ef404e728c3b1ea3272b6d45b748d84	4407296	10935
1785015520	41c3fac41d2fe1a64adf805ff78045d44c33e014	4341760	10935
1785017267	b9373e5a96ff963cc3159272bccd3969a6572078	4374528	10935
1785017592	2c2dcb0c4c4dd4f9954c3983281db9eaaeeea75d	4390912	10935
1785020094	04bbfba64b73135fb40972141dbb9340723f86b2	4456448	10935
1785021222	28f226ee024e020b6b26fbb80f52b9c6a1cef38e	4472832	10935
1785022702	b1542321bf018ac8320cbcf4c97b503050b8029f	4374528	10935
1785022912	cd5f2c4457bf251c52d1c51ad8286bd153dc7b68	4440064	10935
1785023373	aaf198dba5d1f8bac2407b1cdcb3dc6bea05ccf6	4390912	10935
1785024060	3f18aa1439ca85f58b41a755df087e8da380779c	4358144	10935
1785024349	345671d127597f3c227682c66b2d368982f4dc20	4390912	10935
1785025232	bd6a2bde8cb211b581b11ed93f159c36ec3cb888	4423680	10935
1785026558	38d4be6639a42c5dbd9b5c074fa3953e195a32ad	4374528	10935
1785026801	eece088edb106d04ca941ca58ab744c58b32ccdf	4407296	10935
1785029120	19f9e268b1fd1f65a21e858e0271fa770208b1b3	4505600	10935
1785029308	50ce0490db43fde3755a25dac164cc63cf958cc8	4505600	10935
1785029622	e2ef901e639d9e4b55cdfd83f9e59ec581a59110	4440064	10935
1785030023	3cf9edd5860fd27c06da77e423052ae0956b8138	4390912	10935
1785030408	3253330a28f6ac9eb74d4f3c39d72d608a19653f	4505600	10935
1785030718	c050133ca98a0a6fab382f204a0627354ede998f	4423680	10935
1785031021	559820a949af69a5b2ada2644cb51aa8d6f7bbc1	4521984	10935
1785035738	43e00fb21092dd79b70ea1108572c1588045af6b	4505600	10935
1785037848	9dacc7ce4004ba974f8afe03bf9ecad670b00ba8	4374528	10935
1785038496	f0b77b8ab7e93a23c1a31fa7bf4f04dbcb4f0c46	4407296	10935
1785038649	bd30960752c5370646e37911bba3cc3508557359	4390912	10935
1785046274	410e0fa9e03aa8670ebca9193ca302b200401bb1	4423680	10935
1785047055	c1b1635af9cc36b49ddd69437f745f572ed520c1	4554752	10935
1785084607	cf773d0a06510bc6e3605073f33e2f0171ec28a9	4620288	10935
1785084890	2c8fa0960ddba57a7da762230ebe56890df932cb	4521984	10935
1785085934	d0738bc247f9d615dd7f617b20c890a9f6e379bc	4423680	10935
1785086661	3fb3fb2ce68a6099d419b4ddc281f7f71337c5c2	4390912	10935
1785087063	93f7cf6f8f1aad13d36bb34ccb8fb77466cade8a	4456448	10935
1785087333	b65538883d4be9f1672a71303159451db15d4da8	4423680	10935
1785088431	4305cbeb8a05ec22f26c45f0e6e90ddc12a7111a	4423680	10935
1785088932	bbc3c2eed01687f4f8ef5f6a514b6f86381c44cc	4440064	10935
1785089898	997e05e8ae200980723b00f9fe0098e4b03f1928	4456448	10935
1785090208	95de9f27132729bcb1a2bc5d580806ce5de0ee4c	4374528	10935
1785090746	704b7f74121a0b386224891c730bfdd246b8bbaa	4440064	10935
1785091193	d4ae1c50e7eeafa3926dcfd3073dd91d341749bc	4440064	10935
1785091891	8a6f79240c5c9f1ea6df2565ab52ad3dd7b505b7	4308992	10935
1785092199	b7b31564bc08db569d382b93786a3380321b8f28	4292608	10935
1785093184	55038e6d7a7f6c5cabcfc7bd68eabc6daa29d130	4259840	10935
1785093604	dca498ad108791e81e8f6fccc6379007f0ebe592	4456448	10935
1785094314	9f86c917d2339f203cc4ac8d553458c046c081a3	4440064	10935
1785094457	f7441abdd51dd13bceba9158e52e5ff3160ede11	4407296	10935
1785094783	d9ab5117bfb1fd810168e9fe3bf3bfdfb8d37295	4407296	10935
1785094927	0d7de8d950ae5e97d1c5005dfd38f44da4aa9463	4423680	10935
1785096864	4e7a044756fcbb3f712baa95c794f831e78836aa	4407296	10935
1785097263	2b819a73c1249fe1bc624b557a08514ca4ad579d	4358144	10935
1785098813	8edc3b0aa0e12f4bcb7c7f01982ecd2acfa2df3e	4423680	10935
1785099491	89ba6215d6ab14d268508e25ba6beb616ff203d9	4390912	10935
1785101636	eb4d83ed76d12fdd25dc92d9b5c740df06964bde	4603904	10935
1785101868	ba6d02df843615ff6979cbc23248f4eef34d08f2	4374528	10935
1785104045	11fc49d5e3a8e7cc38af9e8314babcf0ec709498	4374528	10935
1785105948	15cd8703a667c51ac53aa58b9aff6c0990e73beb	4407296	10935
1785106797	aa579d885748cccb0a2eb534021995436c39726f	4423680	10935
1785107627	07c32111cf1e898afdd295f97c9f6de4239feea3	4521984	10935
1785107808	2b2150c7e309124733447f22a402f18a669aa2e2	4554752	10935
1785109182	f4051fe678cde3fd55e650a147095a9be5c14243	4440064	10935
1785109320	f529d600cb29aa5eb45261beaefa83f2c7f3c93c	4456448	10935
1785109764	76de96ad0fa0b9ff12317a80216a4cf22c02e91a	4456448	10935
1785110438	3aa3ac5358bab5c07f6bf3becd4714fccf6fe7b7	4505600	10935
1785110602	620bdc523f725bb28761e5fa75f6f837cb1d1ecf	4538368	10935
1785111454	f210655983b10a07f1aef7e7ea19b61f7482f3b6	4489216	10935
1785114538	fdf100f0f57f137bf9d583ac804dc0c188dfe01b	4538368	10935
1785116034	9ec308e4edb6a1dd05487889bae8aa7453d07da1	4505600	10908
1785117358	358a993b786c7b66514404c84e393d46b5d41b89	4456448	10908
1785117531	9578b7a039ac12d80ae27468faf300a2307ad60d	4423680	10908
1785117649	3f433e952b12eccc63680e2f9a6029a213ab309d	4407296	10908
1785119159	d663cabed4a6fe86f2dd1b1d432e4d40f7bd58eb	4571136	10908
1785120208	e6b129503499d7c92e79a1aa1c5a8ff89b5bb017	4489216	10908
1785120415	5132dbcb98cac6eda22ddb80155f8d07b5028544	4505600	10908
1785123038	6caa4559b7ee2ea0ff972cc77d7550aeeac0e973	4390912	10908
1785123946	9c9183b10c7bef67e32b27d26896fdc560f271a7	4374528	10908
1785124853	31d21e4904f0765e09aa567b856102dabe7d0887	4440064	10908
1785125515	785b3071412c0206b32f011c778bdffca18f122c	4358144	10908
1785126080	26496783eee221faff63fdb8ede6b93c73b1c1fd	4440064	10908
1785126379	ba0027d478d557e8eca57986c3c2ef6effafc72f	4505600	10908
1785127675	d8607ef96a694922864db28763b88f70c7f165cd	4456448	10908
1785127817	141e593f6264a3cb774c1e4622b3dc6d65f07b28	4489216	10908
1785128062	23f8c4b1f45634a18fe43334d10c544617afb909	4472832	10908
1785128309	bfa140284acaf21c6393cc75f69ce11c3c0b2725	4407296	10908
1785128612	1c5da68a322edc70343142c08f00b7c7a24de3ba	4358144	10908
1785129369	69780753557b1e998fd6831df4b0e20631720620	4472832	10908
1785130030	cc53967df4fea1e2e47301ec2727864e0c7c97c2	4521984	10908
1785130549	9d4d32a72d85d7f5146bfe98a0045e454fcce776	4489216	10908
1785132875	68791f2f0e160050daba8781aae223fcd16829d1	4571136	10908
1785133144	47ae07c7e6c70000da396682c27233610fef8ab4	4505600	10908
1785134968	9195b04060913b45bc4535c8404b9b4daa53ca32	4587520	10908
1785136344	f453fe8fa5c3a142d7b2c48a5112a94f63d5ebf8	4489216	10908
1785136998	4063f7b5b78db0e843e1afd409161c1e396c98bf	4636672	10908
1785137452	4e0cbb9ed863e887f2bf2bbbed2cdadf7771f495	4587520	10908
1785137782	fafd1327a4d2f50610c0ae89b4bb437fa028dddc	4538368	10908
1785138184	776144429b3a25ca4e2dd2a9f62465ae6e148af2	4505600	10908
1785138357	4abcf6a1ca9cbf32aab5f903f5a07f2cb462f043	4603904	10908
1785138579	176e2f279b6c295c2e2e92261b243180f2173255	4489216	10908
1785138982	ea348c78ec04f3b5c63eeebb473a11534ea4ba19	4456448	10908
1785139240	fa2102209bd1123469583cb5b34c0ba889a244bc	4505600	10908
1785139562	834b5e2d85b8937a97c911d6db597ae6ac4c1bd0	4538368	10908
1785139766	1c6f70a51758e3a4bba292d3b854a3257de552f1	4489216	10908
1785139858	b6ed389a0bede8e7a20a196eb52822389c12f629	4489216	10908
1785140376	31b10a32e89e56ded5bb14f78db139517c1cc82b	4472832	10908
1785140554	b5b247822f405831d31423adc11d645cdacc6447	4521984	10908
1785141273	229b60d315c51cdb94e6d27f2116eb42024f612a	4636672	10908
1785145845	3efc21f70e8a0188133e180ea6ffe547954465c1	4702208	10908
1785147026	0d7113f9018d53542c1b4f5856732727900072ca	4800512	10908
1785147312	8a8c57a07f32cf63e24925996afab6d2d20f1c5c	4718592	10908
1785147703	cfe314802d57b9e13bbc04d44b785b1e20f9769f	4718592	10908
1785149710	09063077acd9122a2ab6241879c9ee4f28d0f212	4767744	10908
1785150690	46e18dfce8a052335a18f6f8ca13cb4fa19aafd0	4833280	10908
1785150945	30598bfe860c4f69427bb6bca74c3ae0c5285343	4751360	10908
1785151082	9a8d5224a669244d4acdc24c5ab825ed4872a457	4816896	10908
1785151974	5ddcb7a03d55a3f7c53ad1e190e0e2f3bf3a2147	4866048	10908
1785152973	8403ba10b62d90cf6d0c761612b339696e292f16	4800512	10908
1785153732	01108bc90edaaedf09b91aa13c120fa7fcd13d73	4784128	10908
1785154094	7ff1e784d50384031aa4fb58321a1448c4360ada	4833280	10908
1785154320	a2013f303668053c56a9bc5147d98db7a9a9ff15	4702208	10908
1785154607	b26f711bef3250d5eaa7a0ff5f2487a491bccd80	4734976	10908
1785155155	feb2898c858a3e9bfc03e7f345e97f8b91711a52	4718592	10908
1785155833	7a191d0b1f3d7eca38bcc99e005e3913dedf5e49	4751360	10908
1785157436	1d0c8f593bad980be584001d16f8b613209b21d6	4816896	10908
1785157725	f044bb60292d79e6f724fb0980ca5461ba525130	4833280	10908
1785158460	44a11294f40455246516548fb4d53b3f839e67ff	4816896	10908
1785159349	b06633913fe8557dc9ce59a2212a6619f6bc70c9	4898816	10908
1785159859	70f38f5c64d36f5b3961ba59cb3c03a57a0a712a	4800512	10908
1785167043	fe3bad1e542a79f7d58cf57560dfbf65c1a1122e	4767744	10908
1785167314	45873358756647352010873accdf92f574a81e84	4833280	10908
1785167790	52ea74657f266829c8e3813296f4f768af600e57	4685824	10908
1785168358	11fe64411fbf7f0fc3eb397e4e189c30709e9814	4685824	10908
1785169156	1b780089f4b18fb9ad2ad80caba94fd3147cee91	4734976	10908
1785169920	7b3a7c8ffd61908742fecdd1af1ee55cd2abeb59	4767744	10908
1785172214	29824936f4426463e6d866065c7fca265babaa40	4800512	10908
1785173581	1641cbccbcccf06bb68b716d4cf6b727b342c84d	4816896	10971
1785175857	282bf5a29f8aad83c323931158129e6af7a17013	4833280	10971
1785176299	3cc6ef3d195b46b97f5749133961d6e1d4319411	4734976	10971
1785177388	5c1b2c547e4ceaaf4cfcb17c027be12b7c7b23d8	4816896	10971
1785178246	f60695b200f8356f54b9c37b21ac8b2c97de8582	4816896	10971
1785178887	3c4bddb41c098323a6a3055f9ff829da763b806b	4833280	10971
1785180265	8f8e54ff330e36df8db8ca81db01ffcac3682c37	4816896	10971
1785181123	66d8d3d5b0b0bb8015e8fa116bfcbae2ec398c3c	4734976	10971
1785181321	974ca8a99af7c8305875cfe560c2d3ca867df860	4882432	10971
1785182380	6087d8e6bdb036348e97b74c09810cb5efc451d1	4800512	10971
1785184433	0f877c366a6579f073b60efa67709edb4e209898	4800512	10971
1785185350	a3d0915b77e67d95c452a96986092e6155afa567	4849664	10971
1785186129	e7072c30db4a284867c7f7123e3e75cc5d1c33bb	4931584	10971
1785186570	7d63c196ba9189cc9d44b259cca68199a421d752	4980736	10971
1785190705	4ed6c8b0a21112588d0fc6ebe4bbce5f84c8f822	4866048	10971
1785191399	d40c005a7fd85977f04c19c3361ce577d0500a45	4816896	10971
1785191761	78097a6d25b859545a23757a07f4904b90fa044f	4833280	10971
1785194997	e3fbfbe8ba030c18269d15f898ee8511b47d8a5a	4816896	10971
1785195477	e4232ed15e6f7af8b1c4a4021c25f90091dea460	4816896	10971
1785197009	7ea4b0adce0f7f7936649989429640ce73c4a54c	4800512	10971
1785197351	e721fe61e8691edcdc07fcbba88a87e3e11737b1	4816896	10971
1785198339	b33b2a1cd8d71aef9efe566d9a0e51c8a7b87721	4849664	10971
1785198706	d28062efc34334ab868524636a39e9b939b9e99e	4800512	10971
1785200245	c490c676815e2b9cda4c2e4938b38ba2b90a28f5	4816896	10971
1785224421	3dca0fd710e5e25f779572595aadab2519b5dd7b	4800512	10971
1785225105	540e224d132ce158269db12b8024e6c58f600ab1	4751360	10971
1785225738	c77c549ed50bdb7d56a42991ba22de175c8c16f0	4751360	10971
1785226535	d830437bb73b6d919dd345ae75da67652cfc02b0	4947968	10971
1785227760	c8f5353b34f13a1ddd36991a7da6896249b9023f	4882432	10971
1785228292	3f399e05ef36b6f0efdb5487e32da49d72c0873e	4882432	10971
1785228868	5cf2d955b999f0fb2a5fbe588a6104df8ea1eb8b	4849664	10971
1785229389	721992fc2905bdf23a802d68296a2f2315f93166	4947968	10971
1785229886	427a8bec8b6369f0ffae993e74704ba7590038af	4898816	10971
1785230497	3f5e9ed8a38ff42d0fce6e84e8dacca3637f9e9c	4816896	10971
1785231399	8aa450dde458d34b27573b2734ed2d3f151088e7	4751360	10971
1785232351	a65f5880d176dbfb2dd74b928875bf9cde1017be	4915200	10971
1785233217	373cc81415078dc3b17fe80b04fdd527073493f0	4866048	10971
1785233729	3a97055fcf1afd1c8727f227848b125a7369ac9d	4849664	10971
1785234262	5c4049eaa3c40c3d7c6f71ac62fd8f3e9302115e	4833280	10971
1785234919	f72b3f6af625dd1bfbab95a4cf5cab7ee1342256	4849664	10971
1785235776	6c19a790a0ee6f5ad38a2e9ce2ce67ffe9abcbe4	4849664	10971
1785236703	cfe86996ca34569eb4fdc995b688c0f6efc357f1	5193728	10971
1785237175	5896d03c2bace7fc12d345a8af13600687f83d1b	5144576	10971
1785257120	520bad2f42bd5abad55ce1274f5b0b249715b059	5111808	10971
1785258419	c6574b035dcdcb664e9f11e5f1ba35c6a2381f1b	5095424	10971
1785258806	06f81e41da3f3435c38c67631580539599cf4c1d	5128192	10971
1785260609	cf94b136252503bbf32c6f0ade529bd06c9e053d	5210112	10971
1785261745	83ee90758d3cef588512ecaa8f8328ec0e75032c	5079040	10971
1785262272	d3a693e4f2f5711d411550f04fd876c80c2dacab	5062656	10971
1785264784	c7001e7817010a2646c4f5e6f601e4c6fe3607bb	5013504	10971
1785265141	bcd0babb20392398c43127c1f7d4d316f797015c	5111808	10971
1785266009	87553a6642f3e7996feb066f297740b088ab1eb3	5160960	10971
1785266669	b813e3c87a5da8d7b09f3bea826a8f820d814176	5193728	10971
1785267069	7a18486530869fdd385fa6b9243a098325d1c810	5079040	10971
1785267694	5a0804a9c5899bacf5f94d4e416e90f1c90ea53c	5160960	10971
1785268421	66ee135b378cc8a942cc3a5abaadeba2a8339d36	5226496	10971
1785268962	245101da8b46596ef9832341452c70b34834ce94	5324800	10971
1785269549	dd0ed8d29d0faf4a249f328d83e359cee39ed804	5308416	10971
1785269931	926ade9eb7ce7355ec4b1aaa1318a25d9183eb51	5177344	10971
1785270758	4457328f36b66d19e362069566e9e3d92d3d7b19	5160960	10971
1785271647	3b304db0f8b970b37db7b6c58042397544697dde	4997120	10971
1785272721	bfbf06efbc21bffb8aecfce23e2be3efe8919b18	5193728	10971
1785273220	f538d21fd29ee43033e63c535b23e7c75a2ec5bd	5160960	10971
1785274079	b738ee41eb3c1879de3eb4fb31d9bb95996f18df	5242880	10971
1785274845	3dd06159dfd0a415799bd6f32eba58fe09775c60	5259264	10971
1785275894	d945676627fbff78da768a316080ed5feb44c1ba	5193728	10971
1785276169	9f10b185ba36f242f73c7811ff80cd753275b63a	5160960	10971
1785277446	5244f661bb3a115b597c573ae251df3fda937f11	5177344	10971
1785282946	80ea4563e5bf20cb9c4f036a60ca23ccbdcf329d	5242880	10971
1785283495	151e2bd00de5a8201b48fa6ddc04cb096aee2f9f	5193728	10971
1785284567	78f155ff02e8d7e1c17a74106ea7a29b32065f8d	5111808	10971
1785286674	080d9a00d8af306cf7a294420835db8acd46eb8f	5160960	10971
1785287356	c570b4f62b09b9836c19bd3ad99ff570641b9476	5324800	10971
1785287862	6346efec99c9fee6223af5875c2da0da60ed30d4	5275648	10971
1785288941	bf5ae6aae145b183df0c083cd95ecdf97576b54a	5144576	10971
1785289632	2bef3b576b5e04a9c001b40fe5c0dcba066aae25	5079040	10971
1785290495	9f6ef5fcc2c45dd5bd841f58daa6cf5783111124	5144576	10971
1785291071	7e7a2066d99d0ca24046bbe2f5f3a9059f8d95e3	5275648	10971
1785291799	d5a6cf3c85922851ea9525fcafa8a8ec3dd753d3	5062656	10971
1785292252	797f7aaf980cc4d24df6125974fd2fd4fed23310	5128192	10971
1785292735	73d8fc44474e153bdd043f61ea360f40c416bec1	5029888	10971
1785293465	f0564af4897342b9185ab47f2f75b406e9f0c38b	5292032	10971
1785295028	6f94dac703a49ad33ed928bc77029c32e4d6c02c	5275648	10971
1785295611	8f6297047885c907757b75a435a52a497b71e7dc	5341184	10971
1785295973	5ecfe9240c93ee57cdef69eebba1fe3a94b770cf	5406720	10971
1785297206	8acad23d9e2ce404d7bdceccbc5c98a073cf568e	5160960	10971
1785297735	b1adf5e87fcb126180572b187ec496a54d163842	5259264	10971
1785298796	b35509a57154af6d47ac574fad3a720a7f8aa485	5210112	10971
1785299475	8394c89aa29b77ea6abb9b586b68226ee8e2d10e	5357568	10971
1785299977	9b5d506fc7866ecc16a70d524d18577c14ccc3f0	5275648	10971
1785300318	167c875c55e71f1af0da6c75ed1c09c1b83a92d2	5292032	10971
1785301319	e650eb4b78163432e1eee1aa459f0db10392194d	5177344	10971
1785301558	a4a06465f7cb2b7f98c21a171bf3942da2334e0f	5308416	10971
1785302269	029a0574068d0a1feba4e0f8660fc58ad362816d	5259264	10971
1785303638	1042a07eab3eb76378ad62927886ff8daf20c0f8	5292032	10971
1785303989	0e182bd2c689471ed88376a0b79e7e6e8b4e6f81	5144576	10971
1785304516	9490e14b28a30a6661be07e5ec0b8d9823b5b8db	5242880	10971
1785305137	21244e83972b0e109263d9101b0f8118e6ddf86b	5373952	10971
1785344525	e94a2cdc60697806ce7a9a2d01c877d8ee0ffb8d	5308416	10971
1785366070	d574059ee8d0c380b3507ba90098452963e6f8f5	5521408	10971
1785368036	c2ee9bb45e276404d546ef4b65b03a11f424ae65	5423104	10971
1785370613	3325bc0550361ced89266bfe993df95b87b8c209	5423104	10971
1785372735	feb27bb506706387190a7ee179647c5815a9e207	5423104	10971
1785373430	54746b008f50abe668d1208f4f394b175592eac8	5505024	10971
1785374605	45325462879afee316c4a3b100f8376243cd887a	5586944	10971
1785375762	7256cdd27390613c7c62895c8504582b6c1872ba	5521408	10971
1785376381	cbfca55213729d47ff6f948bd496733058d2b00f	5537792	10971
1785377653	b6f95a07f4e78b7e59837131b8565b740089c0be	5390336	10971
1785378555	b56969cfb702cb77dda24b1476c087c173f53c94	5439488	10971
1785379749	e618525eeb1e8358eaa737c98722fe4b579d3398	5586944	10971
1785381218	52f86aa57cd322a1abf2cf90debf18ea8dfc219a	5521408	10971
1785382020	b2ec268b04b7562892aed14eb4d8c17962acdf0a	5488640	10971
1785382397	e4a42f61e6c0d6f72e1454f838071f2200467c71	5472256	10971
1785383404	814a457ec7729f80897007f43d1164d1628db57c	5586944	10971
1785383762	e16509af42ef3cd26b9bf32f279c65e2627b5683	5586944	10971
1785384528	c5b28deadf63e27fd4d3daf65b89427df5d359f6	5537792	10971
1785386569	e0fc363d89fe588e17a30c9cec81114dfea43263	5668864	10971
1785387601	5964e341da6b64ec07994ed2449fd06e23c7e290	5554176	10971
1785388203	5216e60cd361f0da6f67cc99afddb57a163f5a36	5603328	10971
1785389716	0f6f487f6e055eecc57f046ace1135fb8b2b6904	5455872	10971
1785390948	36085601a1ee94bbec25d0bbc8a74a6506f1bf2c	5521408	10971
1785394543	fea4d9722457a1abe2f1387c0edd5395f695f725	5488640	10887
1785394945	23f91ab2da31fc09a07d170680cc3d0a9119016a	5619712	10887
1785395748	11055980f308ed0b5617570d8023b054b06454e2	5603328	10887
1785399411	c8627113de5746f38179836cd02e1a30028d754d	5488640	10887
1785403879	deb28261af215600683cfebc510ff690ea19a996	5439488	10887
1785405966	fc0c59bf3bd8f7ae1443a1ca331cc276f9527797	5505024	10887
1785407322	be1fcb863709a2d055df08f1434bf5e1c8d7fb66	5488640	10887
1785408426	8f1dc17e06db00fd45109b3d53e5cfa25e9ad0db	5406720	10887
1785409307	0a0c17d692c910ad06622ebb23e263707c8dd598	5505024	10887
1785411111	8ee19ad278b0b2a074413c2258485ef20189d434	5537792	10887
1785412226	67417acffd1d88be9d0a63cb35acf3e116afff65	5734400	10887
1785413345	9dff08867e35a7b8c29260b021b5eac85a320963	5554176	10887
1785414657	7435b08348253d16b436cff3ff33f1aab984ac2c	5586944	10887
1785415516	dc8121ac17aed1faffebf657956d8eb40238dc1c	5603328	10887
1785417302	a9cd5370f0483c5e85754743644a134f5f68dad4	5570560	10887
1785418801	69c1cfdd01b1c04bcf3194a8e892ef98744988b8	5636096	10887
1785419490	75ed17fd23d204323f3e01aa7b3aad449f774b1e	5472256	10887
1785420062	df29200225edeb294245ba0451a583371484ff86	5586944	10887
1785420669	79ea79a5bedaa2b103bfb69a9cb7df8e3417addb	5455872	10887
1785421691	bcedcb9c473403dee131c42a64118a19e142fc4e	5619712	10887
1785424594	acfe27e342b5fc0c7492e248863cdbccd0d564f9	5521408	10887
1785427897	a3d40deedf05bdf58df86d0bd2e7c7202940c3f8	5488640	10887
1785429566	9bac8bdc80ad74b8bd1a7ff4a10ac8f0bd46be0e	5373952	10887
1785430233	ff171b4248f4c6a08d4db502fb091126d8a0b9de	5570560	10887
1785431313	a979b1f2616537229e898853472064a1dcab8ce6	5701632	10887
1785433564	381b78750e436624b5915d36556490f1aa6a7021	5472256	10887
1785433891	46546a2428ca6d4cc4e872182c77776a8b59b757	5586944	10887
1785434776	d6f0439c5796a35c57402655edf50addb240a77c	5537792	10887
1785435899	3144eebecbf0bd8672e4b7050bdb679129801763	5505024	10887
1785436600	0208c04a89331bbde72ba69b9eb35c9d7bee5f38	5488640	10887
1785436606	9283e76ba20dbed7abc556968b114dcf1b6bd8a2	5488640	10887
1785437150	6569e0f5c7a80cb506c18e9053a4012badb2820d	5488640	10887
1785439223	bc4f5dd7034cf59eac9b37bccfe99441a80b14a2	5554176	10887
1785439911	1e35e3e5c7bbedc62505a1ec4e97c5f079dc059d	5586944	10887
1785440670	6db0f987bf5653a6ddbd03dabc709ea23a16b2a8	5488640	10887
1785441169	a7de243d1e6344ef436fc63aa91f843da85f4ecc	5603328	10887
1785442126	b7a99edced147125f5fe7ff83ae1f6782ddb9c5c	5685248	10887
1785443952	61753c8416a1134db5546cf623bd463dfd9a166d	5603328	10887
1785445321	0154588a4a944b8efd29f29992f2e89ce4c87606	5636096	10887
1785446429	21763c4e2e5246f7e176bf62c0048cb2c9e67935	5455872	10887
1785446733	32026314f481c21a1ebd1752e86cea8e39590b6b	5537792	10887
1785448404	634ddab33e298d56176b3ce9606620a6efcf6e56	5570560	10887
1785449309	38c3f71ef98dbdc7bc8e5e817569311feddca382	5570560	10887
1785452006	3ad2f82499d24ead526ef524b4e78a0e72d113c8	5472256	10887
1785453617	439132db2815386b2ee7d1bda80e46cea2d132c1	5636096	10887
1785454829	17108364d843c38d7f88cbc568c66c1563ecc665	5439488	10887
1785456524	7ee6b94c6985c5c890395aa0f20e36ea278f7527	5767168	10887
1785457754	9e0b615bdaf1072b2333240398d6232adf6f6b5c	5472256	10887
1785459027	bc05e39d8cd92372e533abd95a11cbc9b74fad6d	5505024	10887
1785460116	b71fa518fdd489a1adf3844cf84ac7e7c51376b8	5455872	10887
1785461011	b54bc3c0b7b9cdcf7a06e3b1759f692102b86d0c	5537792	10887
1785465537	55f52b6d5cc4d1b6da8caf69e22ffc9d1783d635	5455872	10887
1785466751	48be6a9da85ea2363cc2ce90ebeb29c31d6a0fe1	5668864	10887
1785467513	5872bee7dcd6704af44f90a2541cc9f5c547039c	5652480	10887
1785468440	7e942ebae7ae47bf8614ac7504323156e135e039	5636096	10887
1785469319	67fb2d3e4b460d14a4da57f8f9bfcb64004552b7	5734400	10887
1785470813	b603841736cac8b68c4d53ef29849a615a04aea9	5734400	10887
1785472200	7a38e54d0f3c58e2596df3be8a9855e75cdd4706	5619712	10887
1785473042	7d096c0b1f48723e87c5caedf7120fe4a6e42655	5718016	10887
1785473772	9e7e708fe06870de96a43a0ead0239cd2ec01a82	5652480	10887
1785474529	3951ff09bfd16661d6bf1159d7130a108c67e164	5636096	10887
1785475128	0644767c92a1b0c2ccd9e3ba18264d255890321f	5652480	10887
1785477105	ffdaadab8b2edb001164376dc4dec7074638adc1	5652480	10887
1785478060	c653c481d92e6f7dc7fb8c36345efe7504f64e54	5505024	10887
1785478922	0b05d873127b3ff76e675fae540d4fb4afe168c2	5472256	10887
1785480793	073b7d30454e386243860feb5d3d30e052d23016	5472256	10887
1785483171	fd851ac68a5ddb20cb28b3989f96f6c19a518410	5570560	10887
1785486267	32ff1c5336aa4eb5d885ae3bbf6c7dbbb3a89e3c	5472256	10887
1785488223	499a21eac95d5147fdbef6a746813e4f26d3d145	5685248	10887
1785492173	299a74a6d5d97bcb68cae5f408042064911249c9	5603328	10887
1785492887	5e06b299bd0dd4bf9ca5c17762005c3150bc17c5	5537792	10887
1785495710	a8b6d4794f2a295fe9a9bd9ee2cb7a805fcd39ff	5767168	10887
1785496676	b02bb8acb66a8dc180b8c60999164b9402b206c3	5636096	10887
1785499953	3a34890ac4331e2726abe1e1caf39b764565906f	5537792	10887
1785501615	7bed071fef1591c40445ddbdc4f938ecbb001d3e	5488640	10887
1785502124	7714ad81b420554157445e4341ec2bf85d01ae16	5472256	10887
1785504660	e789c82fb97603c8b7b5a09bc43fa98dcff20703	5324800	10887
1785505275	b471a7ab838701c53b0d9417bf3d921aee0fc9f9	5455872	10887
1785506816	0cc7c57653b625b7ce83f591a2c72b67ea142679	5570560	10887
1785508713	95088a6b97ec0e785172069fb075d47fecb5e88f	5292032	10887
1785510048	56d3cce11b9ed2e7fb132b246d3268611f516d0c	5292032	10887
1785510920	42446709e1cec07bcd752e59b449b8e3ff948e5d	5357568	10887
1785511488	d0c53f01df67163be2feb1264ead7c09d7229b18	5439488	10887
1785513593	a185947fbad94730478b4c866aa82cdaa62890fd	5259264	10887
1785514384	c6d86e58fd57b69f9c4202c364307cc20830ee9c	5423104	10887
1785515424	f04ff6f572bc83714c2fd6fd335652d4b9c2b018	5505024	10887
1785516694	2f0f3c115c9f44fdac2b5e9d9116a85974d152c5	5701632	10887
1785521605	969252ee56c5bd7c9e7d0f186e91d4d734aaf4be	5455872	10887
1785522328	d1a7cad439528de3255c0e66262015de6d74c5de	5472256	10887
1785522821	62b77c83beb92a6abbb4484ea8c20d11599157a3	5537792	10887
1785523359	734341069e84b882fd7a3451425cdebb315cb9a1	5636096	10887
1785524159	913f2f6e3c353860178952c7a6c4d55b3fb9ab76	5406720	10887
1785524903	96b46b10807f3867148552aad4b74de86ac382bb	5455872	10887
1785525533	27080f7de03989c4fcf89bd31b83ff7d36e1d325	5488640	10887
1785526923	2f928a444e249150d74f0580ba8a299c652fb7fd	5619712	10887
1785527814	39ccdb35ab65f5e5d24de02950dd019a83b1bba6	5619712	10887
1785528769	b1eae8e0ada6ca475c114cd735bd23210f32ae3c	5586944	10887
1785529597	89331420917246930619b822d35fe98b24dbcb00	5521408	10887
1785530606	9f17e28cebbbf86222e8ecc3e0afd0a20e02bc86	5799936	10887
1785531769	c1ad42b401a03c4c4d7c6b9e3f9e430ab792e10d	5767168	10887
1785533402	032f1758de8b892a800e7c9f721762f586fa50ac	5718016	10887
1785535079	1c54ca9aee0481df192b32dab38ac47c8c6f2a05	5619712	10887
1785535716	68f83c2a2bfaf498d4922c3e6902f03bace7c2a6	5734400	10887
1785536510	e67f9ee852833509d41375f8dd33bb9c750e6ae5	5537792	10887
1785537593	f9c710eed09a0973eaffee4942eb9a9ba1ea32d7	5554176	10887
1785539100	a94dfdec84c231dbcde8b5feb607a86cee116e8e	5586944	10887
1785539575	9be2dfbc5215fa7e57b5d6ef53063c41f310ea72	5586944	10887
1785540204	51ed4845a23c1de206f8fde9def9993834c4fd2b	5636096	10887
1785541479	9221a233fb8ff510fd6582b2912d1c27481dca62	5521408	10887
1785542260	61551c62dbdb618ef35061f8d45d9a31777abf94	5603328	10887
1785543450	2565d404d83a279f8c096bd45bc5d372b1165643	5505024	10887
1785544117	48e2d969fc809a4664ebeff44b687c7884c6f6b6	5603328	10887
1785545166	7d2a1d50ab98cf4e0294a5a68267162fd14e40e5	5324800	10887
1785546743	bb0213d3e4f02aa77ce9d8e2f2dfff2cd8b7e34e	5521408	10887
1785547749	3b27db62eb35bea4b22b452d581c910190bbf188	5505024	10887
1785548643	3698d7d4b744a1528263e800f5e58c45d08991f8	5537792	10887
1785549350	333ab9279811d3a035f36d92c6965f5e25cd5439	5636096	10887
1785550937	36c564dadb1e27b52ae1a06f8bd8c825acb00a5e	5734400	10887
1785551957	e8e0ecdbac594cc0d427c66bc163d1c363ebafb4	5734400	10887
1785553198	ca4648e8f6d767578986e2a71d351ca28f89ffb1	5570560	10887
1785554111	da166e9992b75b03d401338bc1b199c6fc104248	5668864	10887
1785555618	77e41bfe5d47683e8a277070341180e14635614e	5586944	10887
1785556947	4b7238ff327e824fe9c4a7486d43e603531d6b41	5521408	10887
1785557786	ca6d55687239ce8904a76e9883f9422ce442f501	5636096	10887
1785558665	f68ff73349356b5c567c82f5c6f468b9d5959198	5652480	10887
1785559777	a2e38be9ed7964c3d127e90ba0b75706602f39c7	5423104	10887
1785560599	b5afaf24b9311e379b500a5d9763481cf1b95696	5472256	10887
1785565236	0940f521ca9e68c7e76ad45b07ec5879baa96c36	5685248	10887
1785568802	79ca435f4635fb45310028dbcb81ff653311eb04	5685248	10887
1785571099	cba8045a5385be1a952d9ff4902550e426439827	5537792	10887
1785574135	ba65b376d3caa6fef165e7af6ea426d3679ee9c8	5439488	10887
1785575442	a9ce1e1acf6568920758212a2c004472ca544edb	5455872	10887
1785578833	af4c924ef247dd30229ebac0e4040fbbec626afc	5603328	10887
1785579645	b6cf6f981355fe2709b63ac37ed07a590ee56536	5636096	10887
1785583255	45aa48d390e835575f6ff8fdd01a0667289c3497	5521408	10887
1785584504	a65abc9a4109833eedc32afe4bdd30c6dece211e	5701632	10887
1785585795	d95f6e9f72618b46f1ba360df1602c9dbe563732	5701632	10887
1785589348	20eb675abe566be0b400aeb2fd87f66a54afbf11	5505024	10887
1785590331	be5eff8b04029a835bad91129df872d0d0c2534e	5603328	10887
1785593100	cca4aeda2f9b2e5a4d89aeebd8833925e1e6fa04	5570560	10887
1785593925	26d20d3504b9cc4c9ba121d06fb4d0523eb1c45b	5750784	10887
1785598317	39ed5ce2d1bcdd0078e1bdebfe9900ff38e78d35	5718016	10887
1785599327	46d24c73b00ead2eb1575261dc8f5653387e2ae7	5914624	10887
1785600035	01a89737ae52f4dcdb2b720131ff1813d95f21c9	5701632	10887
1785601213	5426ec3dbfed0098e771c8112c5d5c0b2f221194	5832704	10887
1785602909	665f8a7b1081d30eb58b7a7cd6c4871e1203ad34	5685248	10887
1785604110	546577b19a4633d241a36173cfce391229f0c404	5718016	10887
1785605126	eac89ca5b4d36229411d400545f03671d7bd8dad	5570560	10887
1785605137	3fdfc1c9a442511f73f2d534f4d21efa3b707598	5799936	10887
1785607947	6693bc575ae0926f10570317754526ffb7965e44	5799936	10887
1785609269	2dc5015d9c3bf7dc526dbc00aeb75457d33c6ee6	5816320	10887
1785609936	5f854ac6b5415f3e6a43723e13af5b9f7007fc8b	5799936	10887
1785610792	2c15255a2d958513602a08a1106dad426128d3d9	5816320	10887
1785612017	da32587f2ec9ecfa1007ce3b402929bcdcb7c7b1	5783552	10887
1785615132	1cc86707358d040b49227ba7a6b14f6767aa81d9	5767168	10887
1785618456	3315eb244e757659f079b9867de1b7e4e50485e3	5799936	10887
1785619091	2a137c45723e51ffda20c6789eac7efab8582724	5849088	10887
1785620074	58eb24758c33954481fb8592df1e817332247928	5685248	10887
1785620846	effbc8656eeb552e34cf4140b1f17be348fb8137	5652480	10887
1785624134	673facfc5abdd16e125880b9ceebb2d7823ba9bb	5668864	10887
1785633732	c93bd1f851da99d05b78b803278eedc558c5c60b	5799936	10887
1785636471	7d9049b7064a6346f2bc6e6455e7d9268c57c924	5619712	10892
