# One line per commit, oldest first, tab separated:
#   unix time, commit, compile peak footprint, compile instructions,
#   run peak footprint, run instructions
#
# Compile is this commit's compiler checking this commit's json library.
# Run is the seven example programs, the only kanso spanning the whole
# history. Instructions retired and peak footprint come from the kernel,
# so a busy machine changes neither.
#
# Measured by scripts/backfill_history.kso, one build per commit. Checked
# in because recovering it costs an hour of builds.
1783811636	c9a2a74090f6a6bed11b5be3fde8626c169baf82	1098040	15599557	1163576	105449950
1783811745	a1ceaad7bc2b85d19fb89eeb8d103e483d73df69	1098040	15574316	1147192	105435044
1783812333	33f4132379d1c573d6514fe9e40ffdcf4ec47a5f	1114424	15657260	1147192	105508102
1783815026	5f89d854394384be450affd63e5c9023e136945e	1114424	15584078	1147192	104610181
1783816226	576f26d5cb61fc48f93d53821c0686ac0100a124	1114424	15621293	1147192	104629167
1783816615	4babf3e6ff9fd7f7245fe73afc945150adcaa671	1098040	15638358	1147192	105521743
1783816698	508105f7a8fc8509e2b971e0c088fdd2505b2536	1098040	15599159	1130808	104480386
1783817657	c0e1c7f97596b416bdf0a008d0c6c28bae70d697	1098040	15571145	1130808	104719507
1783818779	019e4ffa6864b2100708e440e4b78ebf2d11f467	1098040	15609611	1130808	105299599
1783818922	8f79e5e720df5c17b62363c41d33d60a4158b561	1098040	15612564	1147192	104465829
1783819562	80e63cc93ceb51cead1b791d2b7b4a101c14723b	1098040	15594804	1147192	104472442
1783826243	65dd8b91a1dcf9b8368dd03800d11b6e4d0aace5	1098040	15580187	1147192	104572645
1783827417	17afa2b34d6b1cb27f5d38dc79d06ba733da5ea7	1098040	15913762	1147192	105783153
1783827643	75c90dc56a1eddf32c2b82c07faaaa9f609cf9b4	1114424	15961981	1147192	105840436
1783828258	315615bc3dfe6145b7886c42ac35dc4fae83dbd8	1114424	15782292	1147192	104856250
1783831213	72a367edfe6d51d3789593c6e9da289e5c9ca21a	1098040	17360114	1147192	115234937
1783831872	4991ba0a92231c08a5a9b4d6ccc79ad04b8f91f9	1114424	17439099	1147192	115385486
1783832767	de3a1c2b74c02d4a2781842e7b235bb280ce4c5d	1114424	17361864	1163576	115507929
1783833271	77e7e9053d0ecef7fe286ee8d264e534b12eacab	1098040	17346191	1147192	115551160
1783833355	934992b414263160f6cd0b7debb4283c7ac55a02	1098040	17329206	1147192	115428689
1783833734	33c7a97ed2f885f5c2cf7cfb9f65c25411ce6660	1999160	27315995	1147192	115701411
1783834108	c3dcd39336a3a8acd9378ee81e6bd674ebb3021b	1835320	27364733	1147192	115661104
1783834529	ebcb1ff2740a4d2dfe2a6f7fa8b66c87ff255f55	1868088	27271868	1147192	115730143
1783834548	5e5903e3a5c9ca1ed325f69ae6aeebeda5f30c59	1966392	27811409	1147192	115615284
1783835406	3a7a971e5369f2387c94c58da32726e0f67e4d25	1950008	27317142	1130808	115673554
1783836413	078ffe3269d22133f65f36846da00b27d7f014db	1999160	27653765	1147192	115572480
1783837684	89bb399a0bf894f4151320d8a8610342656646e8	2097464	27740391	1163576	115719481
1783844282	1d0f1c763fb79691bdba0ba1b22d984ac7fc15b3	1966392	27745877	1163576	115725192
1783844326	fb0143e1d9bb122433354149abd90a4c96e3c91a	2048312	27736264	1163576	115703157
1783844744	aa6780fcef2f23f11815e26c4e2b2e651798752b	2064696	26793566	1163576	114727088
1783844818	10a4586f694170d6bbb9578b857491c68e3135b2	2031928	26736908	1147192	114711927
1783845009	35cac87c046daa470a3b974d1697dbd8b16f1bd3	2064696	26773711	1163576	114770984
1783845094	87ad4ff472c1026107643f26fab6b648f2387387	2064696	26750124	1163576	114618654
1783845327	60c639e400136174e93e97f0a3b6f2b152dd44e4	2097464	26751949	1147192	114743102
1783845860	96bd5110e37751a6862ae95205e0c65196698217	2113848	26879284	1163576	114844676
1783845976	63a9227f77d54d953a52658c76156d131a2eccde	2113848	26870602	1163576	114945987
1783846427	dc116718d3635f848329806ae976696c7c55a663	2031928	28076614	1163576	115674452
1783846465	fa12877f68b79b4147f0919f8b1928aa5c515d37	2015544	27963759	1163576	115773687
1783847335	abefb574c4fdf0939481b11e318e387062e2513f	2064696	28080872	1163576	115952660
1783847361	89d4a73f0ec4195bd8a6eeebe304c89580058b52	2081080	25202757	1163576	114654959
1783847428	aa39f4a8326121f0f2799d8c4e042cedd0a4bbe6	2081080	28050505	1163576	115791922
1783847652	042470b17b44d385b107838ee39d46cfe6314f19	1999160	28204343	1163576	115893011
1783847901	67a8ab5f93b8f23a2e70e4cb47cde327a3f59463	1982776	28081837	1179960	116235671
1783848098	0758a60b444a554befa427a25180599480506f3c	2048312	28181868	1163576	116054022
1783848815	1e7e0be3724af0e38bdeecbb4549a0b3acda74a6	2048312	28381234	1163576	116052511
1783849470	189487f3c32862ff3eb97d7b737439810f762bbd	2048312	28260587	1163576	116155358
1783850514	cf491fee0f5331d8eea105c5f14191aa0f24051c	1933624	28335147	1163576	116105756
1783850781	4bef255e09af5f2ab2cac02ee9560cf4df2932a1	2048312	27333806	1163576	115023092
1783865451	b091e24bbb917a6cbf34f7c0d168c86704ef1729	1966392	27277781	1163576	115069432
1783866076	2acda8d6a42c70dcd9ba2a36a034decb7a0c6e51	2031928	28378117	1163576	117133997
1783867330	4ffd3d9ad62d732d0afb995f3a8e6e3596fee8aa	2031928	28489775	1229112	155898028
1783868924	4f3a80f3b4e9ccdd8ed0c6c6878991c68dc73933	1966392	28335974	1261880	125170297
1783869078	a4633ff2cfb2ab5268085d444f740274dccfc6ea	1982776	27345436	1229112	124113272
1783881863	3e171a7ec9964a8ee07ccfa03acccaa860af596b	2048312	27409327	1229112	124040645
1783882164	b72145c46f359605cddf014d77af84812ce73714	1999160	27401258	1245496	124132717
1783883150	02e680ffe5460dae2819c34f5118b5c299ea140a	2031928	27388708	1229112	124039452
1783883270	d9e6f194f0614fbec345ea1ecddca55bd81e904b	2031928	27384586	1229112	124033025
1783883386	6a80fd1f25bc0dfa2f8292a7730a1f091c996996	2031928	27444316	1278264	124096365
1783884153	6bb1c78de00fb129a73829eb3dec9377e25bde67	2031928	27458145	1245496	124088061
1783884463	2099c139b17f45c4d1d3c3ed46331ddfe732624f	2064696	28602768	1245496	125184707
1783884849	da4e79305264440657a8a4b9ceae3d70fba707e9	2048312	28630679	1212728	125088645
1783885170	695f70e991d289d924a9159b587d24e434c525b5	2081080	27594755	1196344	124095821
1783887702	3f2706fe2503b890b5c1baf80c34d252847e3a1e	2097464	28590755	1261880	156374960
1783887713	c6698412f5fff2cc83237c60968fb893b16aa9d8	2064696	27658209	1261880	124660548
1783889617	495b9f8cbe9b80c8a9428eb5f8ba00e9cfe201cb	2113848	27648387	1245496	124510296
1783890026	2fa94c70d7b52d09a112a80e7a143ef2637ebdce	2097464	27615375	1229112	124616229
1783911984	ff6187038a79d33980faa57e31be295486e83f8c	2097464	27649075	1229112	124670844
1783912894	ab5656a5c86bd1cae92354ccfbd3be266ae09620	2064696	27710625	1245496	124668894
1783913209	9e830929a2c9a87bd9cae04150c1f0eca5184814	2031928	28688868	1229112	129348628
1783913542	d8809b68938cb2951418bf58cfeb3f7f0fd7f817	1999160	27574553	1245496	124660888
1783914259	3327c6d7ffe59fd62f612d0058087f39cf6c9773	2064696	27641604	1245496	124596852
1783914954	6682f9acde872ef1c246af361a65850dce679862	2031928	27605024	1245496	124556173
1783916174	75a6b50898f426eaebf75e121b17ccba088e2564	2015544	27601048	1261880	124684954
1783916346	05bd63158a7764becdfe5fe81a15404accdd48ce	2031928	27615435	1261880	124677135
1783918727	d6a5205e160a727053f60667b27534632c5b899e	2031928	28670625	1278264	156516596
1783919976	13e4bb20d9f589d4da68a5e31ca3e6595fcc306a	2130232	28702661	1261880	156595052
1783921820	b359d78d4b6ed5656660747fd54a225e53e1fb97	2097464	27629872	1245496	124725531
1783923587	21fe322f1942082c55292db37d81bc55853f2489	1966392	28511762	1261880	156367281
1783924814	72f65512a002d87b60587c803021ae81c8ac3970	2130232	28795611	1278264	125803221
1783925367	fe871af8b443045734da9278397793e02f069459	2113848	27695669	1229112	124764138
1783928154	49460ab0797494a61841bde40030f1d4eaad0dd9	2097464	28745783	1229112	125974186
1783928634	aca9631d46057274b1d316f61a3704049301aca2	2097464	27720598	1229112	124870138
1783929048	ead7a04be77bf414ccfdcfddb75d702578cdc4b0	2113848	27767066	1212728	124995550
1783962128	f89463bec8e8aeefa953d7da8f7c5c98813fe39f	1999160	28678175	1278264	133473627
1783962576	f8bc30723cad0057dc6db435eba3512aef74d588	2113848	27700843	1294648	124876366
1783964929	c795f58d40d2f7b50d62a5b255d6248deaaddd1a	2048312	28786703	1261880	156550536
1783969858	ab0329e283b0585a3c49287b801f4149564ff054	2097464	28793118	1294648	153896566
1783970475	96533ec99518eafd76c6fde81bea97fde9f6ca48	1966392	28637655	1294648	156744005
1783973066	37472a0b1e97f591fec3cfe97bec242facd869d1	1917240	28545978	1261880	126136933
1783973205	42e1a075f47be41b25aa0b62d6f702e87386e46e	1950008	28554684	1261880	126093145
1783998975	7bf01476545bfa0f533082c0f822585f6afec89d	2097464	28932417	1278264	157273780
1784006513	aade6eb052d82f66fceb5b90dd571a3432692202	2130232	28856392	1278264	157208370
1784011564	a9be285a6f5c9c38e65338b3107cbb5e0b95efd8	2097464	27790670	1261880	125460550
1784012107	b71d6c5db7a9c9b8532c10b09480ff4d99383be2	2097464	27790750	1278264	125500684
1784049347	51bdf6b412bf00db3013da4f8c05c43deb63bd40	2097464	27754511	1278264	125514332
1784053943	cf6406eaa9b4120cd8e71dc5358f8b189dd33bdd	2064696	28697812	1261880	157391148
1784054532	ab44c078bd70df8938a05e4ae5a24c293b3d5519	2113848	28673022	1229112	126387140
1784054847	ecc7a7efde8c251a132d5fa0bd0b5cd4651e5722	2081080	27702270	1245496	125546743
1784063962	3818b85214ffd9c745bbab0e79c08c4ac4e362dd	2163000	27859271	1261880	125667145
1784064682	08618d2672d0bd5ba202183a6f4a6ef5129077f3	2097464	27717665	1261880	125598639
1784066669	66c9fb61e9d2cf2a3e0238d7d268d301bc29ffaa	2113848	28727572	1229112	156910244
1784067236	8bbcdab6093973d57110d45591ed4407d87f528e	2113848	28813562	1229112	126372699
1784067511	7a61f30a4108e03b7737530833f5ddc0ca729ab8	2048312	27689076	1245496	125390773
1784067995	8b0bb837c13330fb39a9be50f5cc619d07263af0	2130232	27692092	1245496	125529678
1784069283	06049d3b593050e6230c3fad4a8d255aece91802	2113848	28889948	1245496	157653003
1784076016	15a8119f9d5567745c76382d7c8a4a833894231b	2064696	28904215	1261880	157730790
1784094257	e504acdf7bd7d09752224ad4ada6f57588049860	2048312	28876283	1229112	126476656
1784094607	0f8e3f2c6f695d96ba8262eaf4e2c46fb42f30ab	2048312	28824552	1278264	157755080
1784095877	5eaf19afa8f9bc6fc44e1e42d0a1a0d4f8b91b2f	2113848	28755065	1278264	126758652
1784095987	c303f01bd697006089de0c4c8771f792b5031bb2	2146616	27758339	1261880	125816780
1784096477	cfa639405035e31dffe30763c16d6719786ab6f9	2130232	28928979	1229112	126635122
1784097390	772461ae9aeb82ac84951c72bbfe4e283779e363	1982776	28771770	1245496	126788025
1784155441	e779d578a57ee63e6cbd9161c355f9590ae96b53	2015544	29163463	1245496	130751330
1784160156	1b50c495405ea98a9245eec1868ef71a87373e13	2081080	29109999	1261880	126782678
1784162689	b20e9a73828f1b55ada8a93def05c0d800bafee9	2081080	28148958	1311032	126008538
1784170695	b7d35d5c581a558e1276e02aa8d30e3d0a7015ed	2097464	29326794	1278264	126819570
1784170988	e39a2190d18ec03dc61c95ee1ee317be5f041f4a	2097464	28294053	1278264	125771920
1784175800	a8b86fc6760e9198ef0ec7092061e9ce4b4e4093	2163000	28485294	1245496	125949476
1784175915	1c8cd4a414e8540d9b43b908d21209049c20ca02	2081080	28312219	1245496	125805092
1784330132	022bf4503cb701f0f998d5da96ddc772626f0913	2081080	30257982	1311032	159027482
1784330228	f703a22eefa7f0ace890137ca5f14daebcb045b1	2081080	28239330	1245496	126249673
1784331173	bf30609d20e1ab501995c465b02d7c3908044a9c	2097464	28234090	1278264	126240056
1784430139	daa8b6c5c492485c3d3d3036ddbaf2d67302fa5a	2097464	29294924	1261880	127252971
1784430534	53d665fefede9e2177014e61c85310ea6757ce7a	2195768	28272910	1311032	126302988
1784432416	c502b9efc155112706df05255134c4ef34241de1	2015544	29268587	1311032	158136320
1784432477	2e3f5b569d1b1544c74ab9c8856b74c5ca9ea084	2031928	28077450	1261880	126436252
1784433614	0dcdb8a083654497a2d9de686819adcc5e7819e8	2146616	29271656	1311032	157991416
1784434849	59f3c115a5f9b41e39d523a45aed68740c64e426	2048312	29170443	1327416	158118261
1784434927	be42490e3b6c4286eba98ae2f2a0a61f0e1dee6f	2048312	29242671	1261880	127148342
1784436497	41016fd0961049cc2791f01b11c35c6012e110df	2048312	28100987	1261880	126266860
1784437553	a38bef6ab9d817249edba98ef1da9789f943a2f4	2081080	29089759	1294648	127245232
1784438265	f0cd1d1d5b8ba07c29599632abdc22423ef2ff4f	2113848	29116109	1261880	127299637
1784439420	18f239503e80b0b757951df975e5b903c6992dc3	2048312	28099089	1278264	126297949
1784440396	f69148a365b47211eb131489266094e848d51994	2048312	28117188	1311032	126240703
1784482557	dbd8fcd3532421a457407c32dd4324f6726842cf	2113848	28205872	1261880	126131284
1784482956	f06be5c4b8c0a5af76c05a4faf680fca563ea3f8	2064696	28125849	1311032	126492160
1784483179	e88c0357947e9548f8caab468ccff2813671a84a	2130232	28167462	1261880	126248198
1784483580	0294c70a614bd94ce962934b74a7c918a4632e4a	2031928	30380819	1261880	133664070
1784484334	d1e925623d77d06cc656ba10aa2f23755818086d	2015544	30161240	1327416	133760389
1784484393	d383b36afb4d0bc2ba8d6148cb95ca2246c1fae0	2130232	29285342	1311032	134249846
1784485241	2075b6476d6e1d57151036493a982a482355316c	2113848	29221728	1311032	132812273
1784485975	a92130fd6588500b29873416484bee24544e6093	2031928	29138191	1261880	132607811
1784486432	0546790081b4f46a2ab76267c6707f79a17090d5	2031928	29409545	1311032	132751241
1784486583	1b42f339a6de535e07f0d0a0bcdd68fc0b99291a	2130232	29388668	1294648	132782556
1784486695	556397ac332a95d8e7a490085bf334929d63cc73	2146616	29357675	1311032	132771048
1784487162	a49552fd77fd1e9e4f7944ae881e314cdf088e6f	2015544	30070493	1278264	133744848
1784487353	ec3a3de83d78fd590fee8dbab5880cf9b55e0f5b	2130232	29221771	1278264	132935353
1784487691	48a2b50fa7bbaf48e8fadd40e32865ae45823e75	2031928	30267223	1327416	164605577
1784500101	acfdbf1bcb46335ef43252b1a43ad2b655235e91	2015544	29117923	1294648	132856789
1784503032	777c462278ea88a8792fa1b1c96fb37dd5ea1a2d	2031928	29129160	1278264	133002831
1784507046	c9c018692c2396ea28a4898b50f11db53acead4d	2097464	29187271	1311032	132856921
1784507536	889e49677446308bdca2ce313524a0869d89a619	1999160	30295344	1278264	164190046
1784507972	0b8c1004a02d4a5a29ae874eaa9776c4ca9e37a5	2163000	30386995	1311032	133875539
1784508265	8e32df20b7d4df5ace9ff5c5d701871aa634495c	2031928	30281615	1294648	134218408
1784508689	34f6cda2c53aca8ed53814d6eb11d32428b9150f	2031928	29267049	1343800	133236875
1784509243	98d32ba0b5f78a134c9a8cd2ba69dc9eb13237b1	2048312	30375723	1327416	134651058
1784510195	58868fda802ad0461bfb516e0c4f45f78ea0d7ff	2064696	30284813	1327416	134456030
1784510247	339f81c72bc7da0777a7f922f798fd09b0ba1512	2097464	29240088	1311032	133560598
1784510856	e4cdda4dbc3fd4c0cdf82cd5f6fad2f08acb1d69	2146616	30319196	1311032	134314345
1784511996	3b86dea4d09879af5fde8746d841f16b6652c497	2048312	30446710	1343800	165920014
1784512116	9df9c07a6a4a41e7859192ee1d145c804e9decfa	2031928	30412288	1278264	134831350
1784513878	2e8e2c60f9f04224d1536b99eed5e73928547c6f	2015544	30226967	1294648	134832497
1784518031	7b547cff3f6e1ac8ca185898607a0aabfa7587a5	1999160	30352570	1327416	165972257
1784521528	51658315d7ea3eb87fb5206433f3c70ac5e0855b	1966392	29398200	1327416	133740676
1784521605	ce11544ccfc9cc122317c7efbcbcc82801ae6582	2081080	30422412	1327416	165661162
1784521805	8c9bdef0545a39a9e41539f01bb0c31ced40b493	2048312	29318655	1327416	133917514
1784522350	34393c771dd6690e5d4f8ce1b7fac695c5cacd02	2048312	30423227	1311032	134722764
1784525578	4dd5642c046afa5c03c86451bedfcdfc3cd18ff3	2048312	31124781	1327416	155764250
1784536117	0abd90a1c9251ef16f810c16f30591e83c0134c4	2048312	31742606	1392952	135834057
1784536693	a1c3845d0bd3f569ab89b861c79b9cb2d33dbe80	2064696	33465203	1360184	135766802
1784564021	99fcb8c03b48790a9992e31b58dae354b69642c1	2064696	32609050	1360184	134710757
1784565134	8d6e3bc5722720c7226e17a519d14e7eedde5562	2146616	33560469	1327416	135930638
1784565692	e57c6ff2991811173b5dc620963c73dd4b6c2e39	2179384	33598508	1327416	135861107
1784567952	15525414d9c6f1f04debcd44b66c817223d720d1	2097464	33695240	1311032	135719216
1784580943	6f607fad937f0dd611730ecd7574893dbed7daed	2146616	32655961	1360184	134925618
1784581596	2f4fce109c9006d54ce9ff7a2e75a23f3f3017a7	2097464	33502946	1294648	135817673
1784583326	3702add7c48e151267fbb8c929357fbbb864fec0	2097464	33614719	1278264	135723493
1784584181	496246c02bea9dd9dca97e8114b9ad83ba4dbca7	2163000	33752023	1311032	135805781
1784584802	d05062a48cc625a078dcdb46c8c8816686495fe1	2081080	33543780	1327416	135824713
1784589633	2bdb6f9335c17ba3f54d55769466dca3c95fbe4c	2130232	33710874	1311032	135874588
1784589934	3dc04be1c41dc9a78cbbf4ada34a63815d5074ab	2130232	32614392	1294648	134881113
1784594876	8180ba8719e660843cea2f04ea64d83645fece4c	2081080	33550175	1376568	167842548
1784657553	5a2765752df7a9366dee06bc6a200da7a9b8194f	2130232	33632793	1360184	135550808
1784667221	64bc86a3595b0c328f9b125203b69ac6148f1935	1982776	33731811	1376568	169666843
1784667439	8beda418d07086f3ed7a88fc02b47c4a312e3ac8	2015544	32776385	1327416	137366114
1784670645	2b4a8ac7002614b0b6bd67fe2c7cc5e4a92e5107	2064696	33860094	1278264	138242296
1784671501	1359490a85323060615a418a78ae78de42a1a8b8	2228536	35186521	1425720	176140176
1784671696	fd96b114f6abbf6b10e804da79d45e8e60fb49c5	2179384	34269281	1409336	141152477
1784676127	dddd550497f46655d271233dce9f102d76e7811e	2212152	33303884	1425720	140141435
1784676886	7610db30024820955a0c077c4b2ab87491bf1df3	2097464	34258519	1409336	141208883
1784677290	6a40e62e61405a00b9845b46686d04bf75313977	2179384	34366497	1409336	141192523
1784684088	e5ed72877552328bc47cd6798977a316c6359608	2375992	38301654	2457936	180017480
1784684615	9e564ff0b9b2b6a531d0922833dce182812b2ab8	2326840	37123107	2310480	178863500
1784684944	f64a2f4fa1886a2c656f9347df779487157a9e2f	2375992	36158343	2376016	173994645
1784685378	ecd82b7ef2e1aa420a40fc0638f312b7a074b3b8	2310456	37187124	2425168	206421909
1784685560	4a95a218a7d14035091cdbafee4d7e0a3330e0c4	2343224	36116577	2359632	174282692
1784687298	cddd24247e86822dd4ec7e74957ca8ed00e7fb49	2343224	36127817	2392400	174379219
1784690972	ce534f7635e834a29f3dd66e6b6704cd81f82c87	2310456	36216175	2425168	174161266
1784695342	6fc2e643f89dbbce9b96422913dcf1df9ff69de4	2343224	37488291	2277712	174557624
1784697238	b904170fe8a54a1a4e5927cef5cfc6b282055545	2375992	36565295	2244944	173693733
1784700282	3d8bc0f6872b015a166ef201d3955104e5b08915	2490680	38531403	2605392	250609290
1784700824	5f9263d0993ff0eb4574e27fd168a9b2fc2f589d	2425144	38451129	2670928	253378296
1784701837	ea70f179feef426318577e0367a236b99650a46c	2441528	37355971	2556240	221800257
1784702738	76ff6c7c13028047682b667f1b7f9b59f3019543	2375992	38476764	2605392	222773477
1784702963	b59dbb754e5e4bc551c5969d118c650d50980440	2507064	37585473	2572624	222606562
1784703434	998ae62f428259025db6562b20cbd9238ba6f503	2359608	38369871	2605392	247892581
1784704353	308c856e42bc7eb724e9b9535da3951a26d5bdba	2392376	37485682	2572624	218729377
1784704761	f80c46db9418e10aaf37d38fb1df164831f60e3d	2441528	37538568	2605392	220292733
1784705719	337da22d6a8b813161de530603895832d647a48f	2375992	39562318	2572624	221932536
1784706332	71d236ab63137e6167db7db550aeb4bda27e5420	2441528	38645829	2523472	220295511
1784706420	165a4f2e0bf73be8061b4f70bf45a23e81ffec8a	2326840	39621179	2556240	223726440
1784706545	aab33bd7c57b2bdb989271e37e5379a48f164eac	2408760	38754690	2539856	220533797
1784707002	d494c240b9a3a30b5584792a453e8fb33b0005d9	2392376	38547081	2556240	220968026
1784707526	1ed89472aeda27db29748ef0ee7c3d881d654402	2425144	39955996	2605392	232327837
1784707652	e50d3e8611b7c1fbbd48084268fc6bb2a9303e96	2474296	38993725	2605392	227618878
1784713321	66cdce990424b976af7ecc29e83e92d60aa9629b	2441528	38950482	2621776	229330721
1784739813	1b67466eb54376f6d82c8130e0364199fab168c8	2441528	38912926	2605392	228314906
1784740407	7348a8588214094475dced4842be0e3926bf726f	2408760	38877227	2523472	227315574
1784741442	e8e5553d600bffe86a9342765dd5e8561d69b154	2457912	39091544	2605392	228508092
1784741619	d1f83a3b9ddf530940df815566eab46471a5490d	2392376	38924890	2589008	228345323
1784746632	a346795354ca95e8430bf971c757a2a49c4317fa	2392376	39897501	2605392	259774370
1784749531	e735ba1e2c4a8008306f2dd513fe3d024c3f0297	2425144	39851975	2670928	258905246
1784749710	8439a2f5d9c9cc3dbd09f1d806e4e6d74c333f96	2359608	38861855	2703696	227835930
1784750037	69c7fb6edff472d13de32b1984a7716c7c80606e	2408760	38920346	2670928	226498033
1784750455	b1577ffd27208fb924928ad29b99e976eec5c854	2457912	40148478	2589008	228830821
1784752309	130de07187b007284281ec467d18a4b9c60db7ac	2326840	40125660	2572624	228143911
1784752437	799966bb58e52e492fefe973b97ea869e19967e1	2408760	39032908	2441552	225470275
1784752691	0cf55b7370b10a8fdd0c8e203f4f4431f654d7d9	2425144	39058389	2507088	226616163
1784753223	2c2d4f8ce48ed6b005d06d9c8d855a1dbbe22288	2375992	40404104	2720080	259234558
1784754718	62562078ac8d1f14a3322912b7dc6f30a18a0923	2425144	40174182	2539856	229529584
1784754828	4d95cd3bc003296e12e0aba7e33fb5cfc5d0d78c	2457912	39085320	2589008	228550289
1784756077	0a20946aec848d095aa2794e8d30180030179e87	2605368	51155798	2720080	235436312
1784756320	c0669b15cd5797a15265f44dd2088f84fb0477ea	2490680	50825041	2605392	231015582
1784757181	d7d9860eb1ae6b179953748e1f82767e2c07a389	2490680	50835536	2638160	232352647
1784758546	78e4d015f7ce98fe8a1fdd42d939ad8acf058232	2588984	55744945	2851152	262860027
1784758812	ffa3f0d8f3ad53ebd56da28136591504a3295631	2474296	52951478	2883920	257118043
1784759115	3f2d20624560d81d7331206d10377947b5966eea	2556216	56361848	2982224	297982577
1784759884	74306e3d043d997e2c24920f26856288c05bdd3a	2687288	59886754	3113296	335304693
1784760013	75796ce68ee446346a127362f54a2d273faf80fe	2670904	58621434	3244368	329346753
1784763318	ccca677225978abdd69d89e00c58262f4534c3c5	2752824	59135846	3113296	328137159
1784763504	bc73a26daca5b0cbe8d9ad81ffc4a4c8bc46e3f0	2883896	60004414	3211600	332854686
1784767283	dea5157f09bc08c5c85a13e59025392dec0f6bca	2785592	59998442	3146064	332048428
1784768062	e9fcfaabf4f8949542443caee5ca4dae8cece6e3	2769208	59013828	3244368	330946723
1784770388	8dd110d6c3d1ad6474b5a4d0e5f2c58351bfac29	2687288	59515014	3146064	361990274
1784770502	603ff92a923a91c75a9b4b643fbf12e65141378e	2638136	59448888	3080528	329271889
1784773704	d7096652afb3a5b0c05aba48f25fd1fdc5394248	2752824	59712466	3195216	363081492
1784774068	492f28b576d474d52d3f9573076dc182a31c91c2	2785592	59352294	3195216	329387749
1784775313	c2e9104267e017330b130544f9439265cf7ba98a	2720056	59355827	3146064	330638404
1784776970	09440a7e640698d9abb3b42c9579f1bc9946a481	2703672	62765381	3047760	361683138
1784777309	7074691a551357338f47ee8caa6c1ecf430bb883	2752824	61897476	3047760	329236513
1784777918	82d8bda4de7d26c18535f47e31abd7b25c5592c2	2736440	61963318	3031376	329022613
1784781580	2f1f673a05ceb943ce1585209e53cde4b2f195e6	2720056	61885501	3129680	331009902
1784783815	8534679ef065a99298b90f6589afb956842e6ad9	2703672	61904239	3113296	329630765
1784786897	a03901e4f8f41853c091f1813bde2e11269d58f2	2703672	61880025	2982224	330099694
1784787771	9fa02b9b04d3273311a525fed1f76d7f0339d077	2785592	62780276	3211600	364442146
1784824188	1d95fff5508dc267695e170d35227b229397b936	2883896	62019177	3227984	331949228
1784830498	05ea5a33c46cd279bd9b5bc0e5ad18c51646dfaa	2769208	63492200	3080528	332456387
1784832706	2fb26e48023dd35733ea481becc8ef7b9787c343	2769208	63270153	3162448	332920998
1784834314	ac56731c2cd19a3b4cc8d7ec591c0c5496b64058	2769208	62461290	3096912	331886454
1784834603	43d920a526a3df03cc99b582ac72eafc30102cae	2687288	62374649	3195216	330224443
1784834799	1ac9b8714c98ca471b29c349767ce4d889bba388	2801976	62324267	3080528	331385912
1784835371	dcca36671bc19a7e76113bb5409c56ef787a392c	2769208	62295362	3162448	331239396
1784836107	1905db7fd7e995944bc62c29cdeb9dd3a851cd63	2818360	63759597	3146064	362923894
1784837969	f7cf8dca1698b3b71d2d496b10b299932cbc93e2	2834744	62733345	3064144	330145087
1784839923	12f9fe4466acf3856e63ec8f760affc593ffbdd3	2736440	63783087	3211600	362657369
1784842482	4fcf01ef35191d1309a3ec3e6fcbf1215684efca	2703672	63315537	3146064	331427805
1784842784	7180764ef4066b9f1dc70213d5c49c3971e3efcd	2818360	62366159	3178832	330498703
1784844016	ee91301a4238b43ec5e289bdfc1eec3d9b3cba1a	2687288	62469016	3211600	331993372
1784844382	118a0aa1325f76173c5e899b0f336441595d0332	2916664	63657958	3211600	365582653
1784845198	384517b67b8001b6a437942777e47a16dfa6ac0b	2818360	63190268	3211600	363877425
1784845690	38b3a085cd92415eeb4d68d0305c6b66b3ca49f9	2867512	62656029	3227984	331175020
1784851729	becd3659bc29cf7d52e0e87c6fb784474d8a3e79	2883896	63642851	3146064	366589034
1784852248	7a5def036471e43f5d06eb664fcd1dd63f1cb119	2867512	63700474	3080528	365057567
1784852516	22e3c78dab0f0fdb31fd529fec5591f532403e80	2736440	62689255	3195216	335286826
1784853225	6acc0365c1728b12524beb8ea990f9c8391f7795	2949432	63651936	3326288	334772667
1784854552	b9db223255a6fb5c17a809d1e7b0ad76f2273a47	2818360	63842170	3129680	368706197
1784855254	b450d7d4cd433e3342a5beea378e91f77e504133	2851128	63912071	3031376	363560093
1784856775	889a18aef93ecf847e01120d87e1cf9bab38b7dc	2703672	63527810	3162448	368519134
1784860222	4d26a61e7880d6c43459c18bd3e40a8dd5b78cd8	2769208	62220166	3227984	332494697
1784860463	e2f22628ad86d99b527e5905093ed381784627cf	2801976	62113912	3227984	334199750
1784863737	4e2346d0d920d61c60122cd6e170927b8464539e	2834744	63831706	3178832	334608635
1784865405	d2217976dc09664dd8aae44ae56e96682d0a0b53	2851128	63545587	3162448	370392235
1784866108	f56916bee5be7c7c2d5b337d7db2c5bea3ebb22c	2785592	63807024	3162448	368455542
1784867196	a84a6e046c8c968f18d4ff5fc60c9c8542ae5cf6	2785592	64081690	3277136	335225962
1784867761	76fa282ebc9d7cd69d28739b68c6e70bda57b95e	2785592	63458633	3260752	336836656
1784868871	9c32fe0420a4d99b8ee930893f9dbabf01defd84	2916664	63831226	3326288	335103158
1784869245	93672621cab803998384138f29cb8ec40707542b	2900280	62834328	3260752	334099763
1784872328	75a3f49be75b8331b9c67a47503bb26a00dbe32c	2916664	64755095	3178832	366165494
1784872579	bb9c3549f83dfdd0e0538ba6a04380129eb8e4e3	2867512	64063061	3129680	332812474
1784874893	9133a79b2a41886d97475cde0372ae413bf6a504	2801976	65127040	3195216	366229768
1784875406	42c9a4aa59d496a292936a1a6e3f76dc611a1b7a	2801976	64940280	3146064	367369867
1784875847	5e9d0eff591e1f49e0cedb61865808a1f8e05526	2834744	64950497	3096912	333685700
1784876533	89fc81fa1a3d60c6bc10405d017f95df709bd1df	2883896	64942823	3244368	367475664
1784876908	dacbe7a6c78bdae1f7fea30b0d62224d5ae0f7e7	2769208	64692287	3162448	333573699
1784916948	113a85e8803c0a76222d4d5598007df1c49c7d64	2834744	63852025	3227984	333026500
1784917777	c1603a90d303172107afc98e2aa5af412c591d01	2752824	63771271	3211600	332689066
1784925279	02bd352741988055603df039fea38cb115a3565a	2769208	63831178	3244368	334070204
1784932411	5c7aaeb3c0062cb2d7fe3bf2812aa2e141ac6286	2785592	64763023	3227984	332492042
1784932698	290bce54806fe2f71e9cd6b08d8f7c3a934e8e80	2769208	63828896	3178832	332496919
1784934799	aa7ddee99bf69c499fa2c9f0a009b01ea1128ead	2851128	64542083	3227984	365841575
1784935302	bce5ee389c81296777db4418686e148adfd21768	2785592	64654098	3096912	329995604
1784935692	0769c3abddd68e6dea7c4f29e065816f719df841	2867512	63910212	3113296	329224360
1784936038	884b2358ddaea629c1cf7b4bcbf8614cf2ca9afe	2752824	63761994	3113296	329238341
1784936315	385434110c589d0c7ebcc0a7b297e841a43e5717	2736440	63712293	3064144	330112908
1784936498	a55d38d4547f8df75e40bb1ca7c7271258cd93ad	2752824	63604790	3064144	329002610
1784936778	8dc9c894a5a764ac3e084b0ba6c4fc7cde44f7f6	2769208	63848241	3146064	330020474
1784937089	36ce7f998751ac5b515a3c3358c5639d62a5c0b4	2769208	64509877	3162448	331528336
1784937603	9ed877445c17c78189625c19dbfc1b07328810d7	2900280	64965633	3178832	332748427
1784937991	3ba2f9fb6df06d01ff3bd31f610c31de90e467b4	2769208	66217095	3129680	334774702
1784938398	16c1bddc18778a32962db9b41cf2447a52872a45	2916664	66378895	3277136	334717234
1784938626	91a14d893f6b89de499e6d766d5331f262bd0a51	2867512	65568475	3260752	335137921
1784939056	728d39ac49a95cb8e8bc3832453b01321e82b42d	2834744	65530914	3260752	332181022
1784939269	198e5f55af80548bd38923203af8cc7f0f903fdc	2818360	65251832	3227984	331852367
1784939768	0032f76e1bf2b83fec24bac067762716aa0d1ade	2883896	65307578	3260752	333545821
1784941267	b50119f355b4ed2f6f88141bd7a53e23c8ba302e	2834744	66163279	3129680	365432223
1784941602	56eeca9bfe80e85c2884dac060984a52a04a8a6c	2818360	65317444	3162448	329292302
1784944093	4d36541463fb0487b850c0cb35ddcf4cb4ae791f	2851128	66369501	3211600	337119871
1784944337	f1c4efbb2a8b39c8ed1786fedf1d9f71ffa66794	2752824	67427351	3326288	335034620
1784945196	f4acf7701fa3eeada77cda79840955292b478811	2867512	67118856	3227984	333479232
1784945816	b9790d178a29e04f88f3eb0fe728b9da4cc1e38e	2851128	67331681	3146064	334563216
1784946262	32e5fcc9f44ee232986bf4c14fdfa3efab09e4b0	2818360	67258310	3080528	333049111
1784946860	c12ca26b804c6b085acb8db24dea8fe2967bb2dc	2720056	66948527	3064144	364000811
1784947207	bbbf16f27f5b2280a6315bf6ff3bc61c5ffb5c85	2752824	67441822	3211600	362682968
1784947486	5d52c0dac4127d5eb43a734356b85cea15493828	2933048	67826444	3244368	333835488
1784947918	2db307ee811cb749cd432002842ae12fb0534a10	2834744	67407318	3277136	334725645
1784948481	4ea4a107002aa56b6f912219b007ce8e67e34e46	2801976	67674174	3195216	336165435
1784949129	b9f60878eab53690c15dc501278665fe27900cb8	2785592	67260907	3211600	339038745
1784949797	6c11cb75ccac97befd3a9e5f21c829f43c1d496d	2867512	66721739	3227984	333727950
1784950160	3c3f82ad53f2e7c5e46dd2c030f009b042917b93	2818360	66879718	3227984	333586899
1784951165	311955dc2eeb6f0f09cb9f9e903e510e85ded8ea	2818360	68135281	3031376	336562829
1784951409	d4dd684db5cf5c09f169aa8e5660332ab032c56a	2933048	67410780	3162448	331555270
1784952776	f53d9ad676c6dcb4061567395d7b8aca8f6e98d4	2851128	67332417	3014992	331556430
1784956407	34ae63f41c292ee5bd36f381074c4f8609843c09	2916664	69269256	3162448	332894223
1784958859	ed281b7dd831bd6ffe0c03b1c4acd6bc793f7a4d	3014968	69473197	3195216	331801634
1784959652	98ed473221da0102086284dd3423a0f73ef2ecfc	2998584	70974308	3326288	338547010
1784960124	657b65148ffaef751e5627d88840bf745febdeca	2785592	70694532	3277136	334754187
1784960580	6962c517aede7896fe0bd98aea2f59ff756e1ada	2883896	69168773	3277136	334638616
1785001991	7feb9a2c08df79cf280ad36a978281937139dd90	2867512	68984296	3178832	330189307
1785002249	68ad5f9e75cc86a034ef4e88c79eab249421fe6e	2818360	68795033	3293520	333348778
1785002710	a758b4654ab6f7ea0eb9482c5e8a82c19c26e4e5	2900280	70816908	3195216	332534499
1785005720	2fc0664d93478222b6a9857347ea44de905f64ac	2851128	69826069	3211600	331541449
1785007310	7dd471159f63948055d064761a1b08ff6c5b4b55	2900280	70658416	3326288	337205566
1785008802	4bd31c46d0d6000194d4d2acb43c17234d4c9c2f	3047736	70745072	3260752	335111666
1785009939	0aff3abc5f18af6feccbcd3839d1ccc5c81bbb06	2998584	70268243	3359056	333799521
1785010186	7add3183ab33469792f8df64836e9517a4597621	2982200	70033335	3277136	334792202
1785011436	842d9b82a48903a3200c5cc1d48e2432a91ee797	2851128	70272688	3277136	334693222
1785012319	b2630e543c6647aa271404b03b325f12a8375903	2900280	69257269	3277136	332683648
1785012950	2044110bbf99767f78686244d0efa6fccd8d15c6	3064120	69188686	3129680	330263738
1785014804	2f4f41503ef404e728c3b1ea3272b6d45b748d84	2965816	69744736	3162448	330567153
1785015520	41c3fac41d2fe1a64adf805ff78045d44c33e014	2949432	69108602	3277136	333682705
1785017267	b9373e5a96ff963cc3159272bccd3969a6572078	2965816	68944416	3244368	332521290
1785017592	2c2dcb0c4c4dd4f9954c3983281db9eaaeeea75d	2933048	69165000	3227984	332577594
1785020094	04bbfba64b73135fb40972141dbb9340723f86b2	2982200	70758702	3178832	368096837
1785021222	28f226ee024e020b6b26fbb80f52b9c6a1cef38e	2982200	70272728	3227984	334024093
1785022702	b1542321bf018ac8320cbcf4c97b503050b8029f	2933048	71095057	3211600	331408974
1785022912	cd5f2c4457bf251c52d1c51ad8286bd153dc7b68	2900280	69836716	3146064	331522376
1785023373	aaf198dba5d1f8bac2407b1cdcb3dc6bea05ccf6	2949432	70108858	3162448	333259576
1785024060	3f18aa1439ca85f58b41a755df087e8da380779c	2900280	69808693	3178832	330200618
1785024349	345671d127597f3c227682c66b2d368982f4dc20	2916664	70064368	3014992	329911895
1785025232	bd6a2bde8cb211b581b11ed93f159c36ec3cb888	2867512	71117321	3227984	336597997
1785026558	38d4be6639a42c5dbd9b5c074fa3953e195a32ad	2998584	69869448	3227984	333855536
1785026801	eece088edb106d04ca941ca58ab744c58b32ccdf	2851128	69826184	3195216	333721107
1785029120	19f9e268b1fd1f65a21e858e0271fa770208b1b3	2883896	70189209	3260752	333952160
1785029308	50ce0490db43fde3755a25dac164cc63cf958cc8	2965816	70211201	3260752	336051116
1785029622	e2ef901e639d9e4b55cdfd83f9e59ec581a59110	3014968	70622547	3277136	332732184
1785030023	3cf9edd5860fd27c06da77e423052ae0956b8138	2900280	70382275	3293520	332843319
1785030408	3253330a28f6ac9eb74d4f3c39d72d608a19653f	3047736	70236902	3277136	332957339
1785030718	c050133ca98a0a6fab382f204a0627354ede998f	2965816	69618733	3244368	333360653
1785031021	559820a949af69a5b2ada2644cb51aa8d6f7bbc1	2982200	69652032	3277136	331750048
1785035738	43e00fb21092dd79b70ea1108572c1588045af6b	2916664	69965116	3211600	332303763
1785037848	9dacc7ce4004ba974f8afe03bf9ecad670b00ba8	2916664	71100786	3064144	332800543
1785038496	f0b77b8ab7e93a23c1a31fa7bf4f04dbcb4f0c46	2883896	69990990	3064144	331871017
1785038649	bd30960752c5370646e37911bba3cc3508557359	2900280	70017723	3178832	333682096
1785046274	410e0fa9e03aa8670ebca9193ca302b200401bb1	2867512	69959159	3178832	333998937
1785047055	c1b1635af9cc36b49ddd69437f745f572ed520c1	2998584	70853092	3309904	335578532
1785084607	cf773d0a06510bc6e3605073f33e2f0171ec28a9	3014968	69628101	3293520	335891469
1785084890	2c8fa0960ddba57a7da762230ebe56890df932cb	2982200	70134503	3326288	333520217
1785085934	d0738bc247f9d615dd7f617b20c890a9f6e379bc	2933048	70945246	3326288	336558121
1785086661	3fb3fb2ce68a6099d419b4ddc281f7f71337c5c2	2982200	71144513	3227984	335109138
1785087063	93f7cf6f8f1aad13d36bb34ccb8fb77466cade8a	3014968	71327336	3162448	331802710
1785087333	b65538883d4be9f1672a71303159451db15d4da8	3014968	70403985	3293520	334607241
1785088431	4305cbeb8a05ec22f26c45f0e6e90ddc12a7111a	2883896	70128818	3162448	331482184
1785088932	bbc3c2eed01687f4f8ef5f6a514b6f86381c44cc	2916664	70227662	3277136	332472661
1785089898	997e05e8ae200980723b00f9fe0098e4b03f1928	2933048	70442059	3260752	367714235
1785090208	95de9f27132729bcb1a2bc5d580806ce5de0ee4c	2916664	70621402	3162448	332738501
1785090746	704b7f74121a0b386224891c730bfdd246b8bbaa	2851128	69412969	3211600	332951662
1785091193	d4ae1c50e7eeafa3926dcfd3073dd91d341749bc	2851128	73821307	3113296	332684354
1785091891	8a6f79240c5c9f1ea6df2565ab52ad3dd7b505b7	2801976	72263138	3113296	332022556
1785092199	b7b31564bc08db569d382b93786a3380321b8f28	2818360	72809497	3014992	332497804
1785093184	55038e6d7a7f6c5cabcfc7bd68eabc6daa29d130	2965816	72549068	3146064	331995561
1785093604	dca498ad108791e81e8f6fccc6379007f0ebe592	2949432	73577788	3096912	337073469
1785094314	9f86c917d2339f203cc4ac8d553458c046c081a3	2900280	73682604	3277136	371163222
1785094457	f7441abdd51dd13bceba9158e52e5ff3160ede11	2883896	72341126	3260752	337543936
1785094783	d9ab5117bfb1fd810168e9fe3bf3bfdfb8d37295	2900280	72725052	3195216	335973920
1785094927	0d7de8d950ae5e97d1c5005dfd38f44da4aa9463	2900280	72775202	3211600	336420662
1785096864	4e7a044756fcbb3f712baa95c794f831e78836aa	2916664	72456131	3244368	337597957
1785097263	2b819a73c1249fe1bc624b557a08514ca4ad579d	2916664	73968276	3309904	336798717
1785098813	8edc3b0aa0e12f4bcb7c7f01982ecd2acfa2df3e	2900280	72279372	3195216	334598953
1785099491	89ba6215d6ab14d268508e25ba6beb616ff203d9	2900280	72666292	3178832	336106314
1785101636	eb4d83ed76d12fdd25dc92d9b5c740df06964bde	2883896	74116256	3326288	337780181
1785101868	ba6d02df843615ff6979cbc23248f4eef34d08f2	2900280	73299981	3326288	337015231
1785104045	11fc49d5e3a8e7cc38af9e8314babcf0ec709498	2801976	73325216	3244368	334896098
1785105948	15cd8703a667c51ac53aa58b9aff6c0990e73beb	2867512	73166242	3342672	336513637
1785106797	aa579d885748cccb0a2eb534021995436c39726f	2801976	73041270	3342672	337044949
1785107627	07c32111cf1e898afdd295f97c9f6de4239feea3	2949432	73869882	3326264	368721871
1785107808	2b2150c7e309124733447f22a402f18a669aa2e2	3014968	72901137	3227984	335004182
1785109182	f4051fe678cde3fd55e650a147095a9be5c14243	2965816	72976221	3277136	335454615
1785109320	f529d600cb29aa5eb45261beaefa83f2c7f3c93c	2949432	72781440	3260752	337003281
1785109764	76de96ad0fa0b9ff12317a80216a4cf22c02e91a	2883896	72857079	3293520	335519797
1785110438	3aa3ac5358bab5c07f6bf3becd4714fccf6fe7b7	2965816	74214334	3178832	335933397
1785110602	620bdc523f725bb28761e5fa75f6f837cb1d1ecf	2933048	73193124	3129680	333869420
1785111454	f210655983b10a07f1aef7e7ea19b61f7482f3b6	2851128	74634418	3227984	338981498
1785114538	fdf100f0f57f137bf9d583ac804dc0c188dfe01b	3047736	75130756	3277136	337668543
1785116034	9ec308e4edb6a1dd05487889bae8aa7453d07da1	2851128	70685095	3162448	336211186
1785117358	358a993b786c7b66514404c84e393d46b5d41b89	2949432	69583717	3227984	334870107
1785117531	9578b7a039ac12d80ae27468faf300a2307ad60d	2982200	69652688	3162448	336222886
1785117649	3f433e952b12eccc63680e2f9a6029a213ab309d	2965816	69661624	3146064	335075417
1785119159	d663cabed4a6fe86f2dd1b1d432e4d40f7bd58eb	2916664	71696924	3293520	372702527
1785120208	e6b129503499d7c92e79a1aa1c5a8ff89b5bb017	2900280	70658391	3227984	337812689
1785120415	5132dbcb98cac6eda22ddb80155f8d07b5028544	2965816	70219953	3227984	337773612
1785123038	6caa4559b7ee2ea0ff972cc77d7550aeeac0e973	2834744	71594199	3211600	262678201
1785123946	9c9183b10c7bef67e32b27d26896fdc560f271a7	2834744	70728631	3113296	260357582
1785124853	31d21e4904f0765e09aa567b856102dabe7d0887	2818360	70632401	3146064	261304720
1785125515	785b3071412c0206b32f011c778bdffca18f122c	2818360	70789590	3064144	261677354
1785126080	26496783eee221faff63fdb8ede6b93c73b1c1fd	2998584	71425985	3162448	293626112
1785126379	ba0027d478d557e8eca57986c3c2ef6effafc72f	3014968	71337473	3227984	296600505
1785127675	d8607ef96a694922864db28763b88f70c7f165cd	3014968	70472765	3129680	261847236
1785127817	141e593f6264a3cb774c1e4622b3dc6d65f07b28	2916664	70673681	3227984	261361705
1785128062	23f8c4b1f45634a18fe43334d10c544617afb909	2851128	70552538	3178832	261575034
1785128309	bfa140284acaf21c6393cc75f69ce11c3c0b2725	2818360	70498108	3195216	262349749
1785128612	1c5da68a322edc70343142c08f00b7c7a24de3ba	2883896	70438960	3244368	262344532
1785129369	69780753557b1e998fd6831df4b0e20631720620	2818360	73906941	3096912	293270013
1785130030	cc53967df4fea1e2e47301ec2727864e0c7c97c2	2933048	71595614	3227984	346579808
1785130549	9d4d32a72d85d7f5146bfe98a0045e454fcce776	2965816	72191288	3146064	349883507
1785132875	68791f2f0e160050daba8781aae223fcd16829d1	2949432	71867810	3277136	352900640
1785133144	47ae07c7e6c70000da396682c27233610fef8ab4	2982200	72216990	3227984	320786234
1785134968	9195b04060913b45bc4535c8404b9b4daa53ca32	2965816	72585136	2933072	308752102
1785136344	f453fe8fa5c3a142d7b2c48a5112a94f63d5ebf8	2949432	71611868	2982224	278599922
1785136998	4063f7b5b78db0e843e1afd409161c1e396c98bf	2998584	73714860	3064144	312854839
1785137452	4e0cbb9ed863e887f2bf2bbbed2cdadf7771f495	2982200	73224996	3014992	315243709
1785137782	fafd1327a4d2f50610c0ae89b4bb437fa028dddc	2933048	73095115	2982224	315112216
1785138184	776144429b3a25ca4e2dd2a9f62465ae6e148af2	2883896	72151983	3047760	281435516
1785138357	4abcf6a1ca9cbf32aab5f903f5a07f2cb462f043	3064120	72426972	3113296	281427194
1785138579	176e2f279b6c295c2e2e92261b243180f2173255	3080504	72406774	3014992	280816544
1785138982	ea348c78ec04f3b5c63eeebb473a11534ea4ba19	2982200	72021109	2900304	279881044
1785139240	fa2102209bd1123469583cb5b34c0ba889a244bc	2933048	72036932	2949456	279655207
1785139562	834b5e2d85b8937a97c911d6db597ae6ac4c1bd0	2933048	71773213	3014992	281283443
1785139766	1c6f70a51758e3a4bba292d3b854a3257de552f1	2949432	71971749	2949456	279667047
1785139858	b6ed389a0bede8e7a20a196eb52822389c12f629	2900280	71628822	2933072	278849755
1785140376	31b10a32e89e56ded5bb14f78db139517c1cc82b	2900280	71597435	2982224	279712607
1785140554	b5b247822f405831d31423adc11d645cdacc6447	2867512	71587963	2949456	279748524
1785141273	229b60d315c51cdb94e6d27f2116eb42024f612a	3146040	78081159	3244368	323890349
1785145845	3efc21f70e8a0188133e180ea6ffe547954465c1	3129656	78959005	3375440	344870843
1785147026	0d7113f9018d53542c1b4f5856732727900072ca	3113272	77788732	3408208	339595213
1785147312	8a8c57a07f32cf63e24925996afab6d2d20f1c5c	3178808	78128178	3408208	339587143
1785147703	cfe314802d57b9e13bbc04d44b785b1e20f9769f	3113272	77793899	3391824	338558752
1785149710	09063077acd9122a2ab6241879c9ee4f28d0f212	3162424	80129160	3342672	344616457
1785150690	46e18dfce8a052335a18f6f8ca13cb4fa19aafd0	3178808	78868552	3457360	344602972
1785150945	30598bfe860c4f69427bb6bca74c3ae0c5285343	3211576	78130196	3440976	339637107
1785151082	9a8d5224a669244d4acdc24c5ab825ed4872a457	3162424	78489606	3440976	341296269
1785151974	5ddcb7a03d55a3f7c53ad1e190e0e2f3bf3a2147	3195192	79608130	3375440	372984181
1785152973	8403ba10b62d90cf6d0c761612b339696e292f16	3146040	79415989	3359056	339771975
1785153732	01108bc90edaaedf09b91aa13c120fa7fcd13d73	3244344	79620443	3457360	338427939
1785154094	7ff1e784d50384031aa4fb58321a1448c4360ada	3277112	78749598	3326288	338722472
1785154320	a2013f303668053c56a9bc5147d98db7a9a9ff15	3178808	78689004	3309904	338844242
1785154607	b26f711bef3250d5eaa7a0ff5f2487a491bccd80	3211576	79614073	3326288	340249422
1785155155	feb2898c858a3e9bfc03e7f345e97f8b91711a52	3260728	79622689	3506512	339204563
1785155833	7a191d0b1f3d7eca38bcc99e005e3913dedf5e49	3129656	79230522	3309904	339031119
1785157436	1d0c8f593bad980be584001d16f8b613209b21d6	3227960	80699763	3539280	375389483
1785157725	f044bb60292d79e6f724fb0980ca5461ba525130	3211576	79717601	3424592	341677760
1785158460	44a11294f40455246516548fb4d53b3f839e67ff	3244344	80400364	3572048	342955515
1785159349	b06633913fe8557dc9ce59a2212a6619f6bc70c9	3244344	79271279	3506512	340735991
1785159859	70f38f5c64d36f5b3961ba59cb3c03a57a0a712a	3244344	79427274	3555664	341121319
1785167043	fe3bad1e542a79f7d58cf57560dfbf65c1a1122e	3342648	79085683	3506512	340893233
1785167314	45873358756647352010873accdf92f574a81e84	3211576	79352701	3473744	341540758
1785167790	52ea74657f266829c8e3813296f4f768af600e57	3096888	79161390	3293520	371504994
1785168358	11fe64411fbf7f0fc3eb397e4e189c30709e9814	3014968	79140092	3375440	339130518
1785169156	1b780089f4b18fb9ad2ad80caba94fd3147cee91	3162424	80369709	3424592	377100206
1785169920	7b3a7c8ffd61908742fecdd1af1ee55cd2abeb59	3211576	80197941	3473744	341051487
1785172214	29824936f4426463e6d866065c7fca265babaa40	3244344	79566335	3375440	342360670
1785173581	1641cbccbcccf06bb68b716d4cf6b727b342c84d	3211576	79258328	3375440	340512264
1785175857	282bf5a29f8aad83c323931158129e6af7a17013	3195192	80266280	3473744	377969673
1785176299	3cc6ef3d195b46b97f5749133961d6e1d4319411	3227960	79071856	3457360	341396535
1785177388	5c1b2c547e4ceaaf4cfcb17c027be12b7c7b23d8	3162424	79772917	3391824	376931093
1785178246	f60695b200f8356f54b9c37b21ac8b2c97de8582	3227960	79031366	3424592	342364861
1785178887	3c4bddb41c098323a6a3055f9ff829da763b806b	3293496	78354887	3359056	341923544
1785180265	8f8e54ff330e36df8db8ca81db01ffcac3682c37	3260728	80571228	3408208	376472469
1785181123	66d8d3d5b0b0bb8015e8fa116bfcbae2ec398c3c	3195192	79403692	3375440	341467528
1785181321	974ca8a99af7c8305875cfe560c2d3ca867df860	3227960	79381091	3473744	344321876
1785182380	6087d8e6bdb036348e97b74c09810cb5efc451d1	3162424	80019430	3375440	377853858
1785184433	0f877c366a6579f073b60efa67709edb4e209898	3162424	80152943	3244368	344335556
1785185350	a3d0915b77e67d95c452a96986092e6155afa567	3244344	81498518	3408208	343021725
1785186129	e7072c30db4a284867c7f7123e3e75cc5d1c33bb	3309880	81727196	3457360	344862712
1785186570	7d63c196ba9189cc9d44b259cca68199a421d752	3342648	80753728	3309904	342346210
1785190705	4ed6c8b0a21112588d0fc6ebe4bbce5f84c8f822	3260728	80935645	3375440	379394882
1785191399	d40c005a7fd85977f04c19c3361ce577d0500a45	3244344	80063244	3408208	343740882
1785191761	78097a6d25b859545a23757a07f4904b90fa044f	3293496	80154971	3408208	340846203
1785194997	e3fbfbe8ba030c18269d15f898ee8511b47d8a5a	3244344	79843219	3424592	343036596
1785195477	e4232ed15e6f7af8b1c4a4021c25f90091dea460	3227960	80040000	3440976	342908530
1785197009	7ea4b0adce0f7f7936649989429640ce73c4a54c	3244344	80164190	3408208	340893413
1785197351	e721fe61e8691edcdc07fcbba88a87e3e11737b1	3260728	80062427	3506536	343013193
1785198339	b33b2a1cd8d71aef9efe566d9a0e51c8a7b87721	3211576	80492588	3408208	340918958
1785198706	d28062efc34334ab868524636a39e9b939b9e99e	3211576	80508739	3342672	345381791
1785200245	c490c676815e2b9cda4c2e4938b38ba2b90a28f5	3227960	80056339	3326288	341244811
1785224421	3dca0fd710e5e25f779572595aadab2519b5dd7b	3244344	80291713	3424592	342886514
1785225105	540e224d132ce158269db12b8024e6c58f600ab1	3064120	79925454	3424592	342820028
1785225738	c77c549ed50bdb7d56a42991ba22de175c8c16f0	3080504	79107032	3440976	341998902
1785226535	d830437bb73b6d919dd345ae75da67652cfc02b0	3293496	81123936	3572048	344150515
1785227760	c8f5353b34f13a1ddd36991a7da6896249b9023f	3260728	82124715	3326288	376463091
1785228292	3f399e05ef36b6f0efdb5487e32da49d72c0873e	3260728	81425354	3490128	345652112
1785228868	5cf2d955b999f0fb2a5fbe588a6104df8ea1eb8b	3227960	80557231	3539280	344012863
1785229389	721992fc2905bdf23a802d68296a2f2315f93166	3178808	80297729	3539280	346227350
1785229886	427a8bec8b6369f0ffae993e74704ba7590038af	3211576	79942179	3539280	343702008
1785230497	3f5e9ed8a38ff42d0fce6e84e8dacca3637f9e9c	3391800	80955610	3522896	343460427
1785231399	8aa450dde458d34b27573b2734ed2d3f151088e7	3244344	81021427	3277136	342871502
1785232351	a65f5880d176dbfb2dd74b928875bf9cde1017be	3211576	80562510	3326288	343062915
1785233217	373cc81415078dc3b17fe80b04fdd527073493f0	3244344	90768002	3227984	353808955
1785233729	3a97055fcf1afd1c8727f227848b125a7369ac9d	3293496	90165506	3260752	352940406
1785234262	5c4049eaa3c40c3d7c6f71ac62fd8f3e9302115e	3211576	89750813	3359056	352839264
1785234919	f72b3f6af625dd1bfbab95a4cf5cab7ee1342256	3227960	89708978	3342672	354709658
1785235776	6c19a790a0ee6f5ad38a2e9ce2ce67ffe9abcbe4	3260728	89801341	3375440	352834921
1785236703	cfe86996ca34569eb4fdc995b688c0f6efc357f1	3473720	104491843	3572048	355919697
1785237175	5896d03c2bace7fc12d345a8af13600687f83d1b	3490104	104756901	3408208	355305009
1785257120	520bad2f42bd5abad55ce1274f5b0b249715b059	3473720	104962843	3621200	355559355
1785258419	c6574b035dcdcb664e9f11e5f1ba35c6a2381f1b	3440952	104853857	3424592	355409895
1785258806	06f81e41da3f3435c38c67631580539599cf4c1d	3490104	103689434	3588432	356168678
1785260609	cf94b136252503bbf32c6f0ade529bd06c9e053d	3391800	108721996	3653968	354686260
1785261745	83ee90758d3cef588512ecaa8f8328ec0e75032c	3342648	108131656	3604816	353362070
1785262272	d3a693e4f2f5711d411550f04fd876c80c2dacab	3375416	107785856	3522896	352670733
1785264784	c7001e7817010a2646c4f5e6f601e4c6fe3607bb	3539256	108567565	3637584	353625038
1785265141	bcd0babb20392398c43127c1f7d4d316f797015c	3572024	108711543	3522896	352892438
1785266009	87553a6642f3e7996feb066f297740b088ab1eb3	3359032	107472309	3522896	352864800
1785266669	b813e3c87a5da8d7b09f3bea826a8f820d814176	3539256	110829212	3408208	357165839
1785267069	7a18486530869fdd385fa6b9243a098325d1c810	3506488	109575032	3572048	358061580
1785267694	5a0804a9c5899bacf5f94d4e416e90f1c90ea53c	3457336	114226108	3522896	356910336
1785268421	66ee135b378cc8a942cc3a5abaadeba2a8339d36	3555640	115933308	3604816	359792270
1785268962	245101da8b46596ef9832341452c70b34834ce94	3572024	115315746	3621200	358803515
1785269549	dd0ed8d29d0faf4a249f328d83e359cee39ed804	3604792	113235111	3703120	359475409
1785269931	926ade9eb7ce7355ec4b1aaa1318a25d9183eb51	3670328	113200164	3735888	359813542
1785270758	4457328f36b66d19e362069566e9e3d92d3d7b19	3408184	115504472	3440976	366096087
1785271647	3b304db0f8b970b37db7b6c58042397544697dde	3293496	116483424	3473744	394922340
1785272721	bfbf06efbc21bffb8aecfce23e2be3efe8919b18	3473720	115926788	3490128	394860052
1785273220	f538d21fd29ee43033e63c535b23e7c75a2ec5bd	3555640	114432044	3473744	360124201
1785274079	b738ee41eb3c1879de3eb4fb31d9bb95996f18df	3522872	117106386	3457360	393631509
1785274845	3dd06159dfd0a415799bd6f32eba58fe09775c60	3506488	114902340	3490128	359109741
1785275894	d945676627fbff78da768a316080ed5feb44c1ba	3555640	115349872	3506512	361045352
1785276169	9f10b185ba36f242f73c7811ff80cd753275b63a	3522872	115010204	3572048	361097801
1785277446	5244f661bb3a115b597c573ae251df3fda937f11	3424568	115556158	3555664	396868843
1785282946	80ea4563e5bf20cb9c4f036a60ca23ccbdcf329d	3653944	121050454	3719504	400002969
1785283495	151e2bd00de5a8201b48fa6ddc04cb096aee2f9f	3539256	120113655	3391824	395757081
1785284567	78f155ff02e8d7e1c17a74106ea7a29b32065f8d	3457336	118686950	3375440	390555434
1785286674	080d9a00d8af306cf7a294420835db8acd46eb8f	3490104	118058730	3424592	390881822
1785287356	c570b4f62b09b9836c19bd3ad99ff570641b9476	3473720	121720548	3588432	400171786
1785287862	6346efec99c9fee6223af5875c2da0da60ed30d4	3522872	119398516	3719504	394911944
1785288941	bf5ae6aae145b183df0c083cd95ecdf97576b54a	3506488	120449093	3588432	397106154
1785289632	2bef3b576b5e04a9c001b40fe5c0dcba066aae25	3522872	120881239	3637584	397584978
1785290495	9f6ef5fcc2c45dd5bd841f58daa6cf5783111124	3457336	119483636	3670352	392419331
1785291071	7e7a2066d99d0ca24046bbe2f5f3a9059f8d95e3	3555640	120635494	3785040	398337351
1785291799	d5a6cf3c85922851ea9525fcafa8a8ec3dd753d3	3473720	119371565	3490128	392375457
1785292252	797f7aaf980cc4d24df6125974fd2fd4fed23310	3506488	118805943	3621200	391501819
1785292735	73d8fc44474e153bdd043f61ea360f40c416bec1	3572024	118021991	3506512	391377684
1785293465	f0564af4897342b9185ab47f2f75b406e9f0c38b	3539256	123785291	3522896	406239340
1785295028	6f94dac703a49ad33ed928bc77029c32e4d6c02c	3572024	123784645	3637584	415450471
1785295611	8f6297047885c907757b75a435a52a497b71e7dc	3719480	122884090	3801424	413348444
1785295973	5ecfe9240c93ee57cdef69eebba1fe3a94b770cf	3588408	121957979	3866960	408562249
1785297206	8acad23d9e2ce404d7bdceccbc5c98a073cf568e	3490104	123960164	3604816	410778979
1785297735	b1adf5e87fcb126180572b187ec496a54d163842	3522872	122899337	3719504	409909783
1785298796	b35509a57154af6d47ac574fad3a720a7f8aa485	3572024	126284802	3735888	554927146
1785299475	8394c89aa29b77ea6abb9b586b68226ee8e2d10e	3621176	127301131	3834192	541845548
1785299977	9b5d506fc7866ecc16a70d524d18577c14ccc3f0	3539256	125959666	3801424	536424262
1785300318	167c875c55e71f1af0da6c75ed1c09c1b83a92d2	3637560	126102769	3916112	538692728
1785301319	e650eb4b78163432e1eee1aa459f0db10392194d	3637560	126265474	3817808	534982975
1785301558	a4a06465f7cb2b7f98c21a171bf3942da2334e0f	3670328	126026547	3850576	535845971
1785302269	029a0574068d0a1feba4e0f8660fc58ad362816d	3637560	126193300	3899728	535407115
1785303638	1042a07eab3eb76378ad62927886ff8daf20c0f8	3604792	127157433	3883344	681984105
1785303989	0e182bd2c689471ed88376a0b79e7e6e8b4e6f81	3457336	125057218	3785040	644979546
1785304516	9490e14b28a30a6661be07e5ec0b8d9823b5b8db	3522872	125071866	3883344	647046920
1785305137	21244e83972b0e109263d9101b0f8118e6ddf86b	3539256	125345259	3899728	646210701
1785344525	e94a2cdc60697806ce7a9a2d01c877d8ee0ffb8d	3539256	126736609	3801424	646306621
1785366070	d574059ee8d0c380b3507ba90098452963e6f8f5	3817784	137619196	3768656	686993566
1785368036	c2ee9bb45e276404d546ef4b65b03a11f424ae65	3752248	138618012	3817808	685863175
1785370613	3325bc0550361ced89266bfe993df95b87b8c209	3866936	135970128	3834192	689003726
1785372735	feb27bb506706387190a7ee179647c5815a9e207	3719480	136987288	3899728	655692134
1785373430	54746b008f50abe668d1208f4f394b175592eac8	3768632	138433913	3899728	689001280
1785374605	45325462879afee316c4a3b100f8376243cd887a	3801400	138606703	3719504	690978033
1785375762	7256cdd27390613c7c62895c8504582b6c1872ba	3768632	136632800	3801424	693148302
1785376381	cbfca55213729d47ff6f948bd496733058d2b00f	3850552	138902384	3899728	655592650
1785377653	b6f95a07f4e78b7e59837131b8565b740089c0be	3768632	138877114	3572048	658484810
1785378555	b56969cfb702cb77dda24b1476c087c173f53c94	3555640	136966818	3703120	659157801
1785379749	e618525eeb1e8358eaa737c98722fe4b579d3398	3768632	137229382	3965264	661231168
1785381218	52f86aa57cd322a1abf2cf90debf18ea8dfc219a	3719480	139129344	3866960	695400817
1785382020	b2ec268b04b7562892aed14eb4d8c17962acdf0a	3735864	138534338	3834192	661170457
1785382397	e4a42f61e6c0d6f72e1454f838071f2200467c71	3752248	138210030	3785040	659085314
1785383404	814a457ec7729f80897007f43d1164d1628db57c	3834168	138075703	3916112	660682704
1785383762	e16509af42ef3cd26b9bf32f279c65e2627b5683	3834168	136702761	3817808	659219053
1785384528	c5b28deadf63e27fd4d3daf65b89427df5d359f6	3768632	136721351	3981648	659587604
1785386569	e0fc363d89fe588e17a30c9cec81114dfea43263	3850552	138105210	3899728	659771891
1785387601	5964e341da6b64ec07994ed2449fd06e23c7e290	3817784	139985486	3948880	694745088
1785388203	5216e60cd361f0da6f67cc99afddb57a163f5a36	3834168	137198127	3932496	659299721
1785389716	0f6f487f6e055eecc57f046ace1135fb8b2b6904	3768632	139088842	3752272	660957320
1785390948	36085601a1ee94bbec25d0bbc8a74a6506f1bf2c	3719480	137352158	3719504	658840515
1785394543	fea4d9722457a1abe2f1387c0edd5395f695f725	3653944	138180524	3866960	660036438
1785394945	23f91ab2da31fc09a07d170680cc3d0a9119016a	3817784	137961001	3981648	661474442
1785395748	11055980f308ed0b5617570d8023b054b06454e2	3850552	138232695	3932496	658913232
1785399411	c8627113de5746f38179836cd02e1a30028d754d	3916088	138501005	3948880	663004840
1785403879	deb28261af215600683cfebc510ff690ea19a996	3653944	138148542	3752272	660536448
1785405966	fc0c59bf3bd8f7ae1443a1ca331cc276f9527797	3785016	138384592	3948880	697449933
1785407322	be1fcb863709a2d055df08f1434bf5e1c8d7fb66	3719480	142961455	3801424	662646235
1785408426	8f1dc17e06db00fd45109b3d53e5cfa25e9ad0db	3703096	140764430	3670352	661120109
1785409307	0a0c17d692c910ad06622ebb23e263707c8dd598	3850552	142320750	3932496	662410306
1785411111	8ee19ad278b0b2a074413c2258485ef20189d434	3719480	142689001	3785040	696027195
1785412226	67417acffd1d88be9d0a63cb35acf3e116afff65	3785016	141557383	3981648	696392167
1785413345	9dff08867e35a7b8c29260b021b5eac85a320963	3752248	142099998	3817808	694231109
1785414657	7435b08348253d16b436cff3ff33f1aab984ac2c	3817784	142501551	3850576	696485389
1785415516	dc8121ac17aed1faffebf657956d8eb40238dc1c	3817784	141514986	3916112	662482417
1785417302	a9cd5370f0483c5e85754743644a134f5f68dad4	3785016	142484806	3834192	664491012
1785418801	69c1cfdd01b1c04bcf3194a8e892ef98744988b8	3621176	140002118	3899728	663829608
1785419490	75ed17fd23d204323f3e01aa7b3aad449f774b1e	3735864	141306902	3883344	663523967
1785420062	df29200225edeb294245ba0451a583371484ff86	3670328	139553802	3834192	662997032
1785420669	79ea79a5bedaa2b103bfb69a9cb7df8e3417addb	3752248	141284654	3850576	661588517
1785421691	bcedcb9c473403dee131c42a64118a19e142fc4e	3834168	141322019	3834192	661545893
1785424594	acfe27e342b5fc0c7492e248863cdbccd0d564f9	3834168	141046726	3801424	659127347
1785427897	a3d40deedf05bdf58df86d0bd2e7c7202940c3f8	3785016	142177181	3883344	697334400
1785429566	9bac8bdc80ad74b8bd1a7ff4a10ac8f0bd46be0e	3801400	141962605	3752272	664224847
1785430233	ff171b4248f4c6a08d4db502fb091126d8a0b9de	3801400	141237829	3899728	663940953
1785431313	a979b1f2616537229e898853472064a1dcab8ce6	3817784	142920313	3866960	664883257
1785433564	381b78750e436624b5915d36556490f1aa6a7021	3768632	142452874	3948880	665224959
1785433891	46546a2428ca6d4cc4e872182c77776a8b59b757	3801400	141139657	3932496	663864151
1785434776	d6f0439c5796a35c57402655edf50addb240a77c	3834168	141850272	3916112	663964192
1785435899	3144eebecbf0bd8672e4b7050bdb679129801763	3752248	143418022	3850576	662312554
1785436600	0208c04a89331bbde72ba69b9eb35c9d7bee5f38	3916088	142419097	3883344	662955992
1785436606	9283e76ba20dbed7abc556968b114dcf1b6bd8a2	3785016	142514426	3850576	660221044
1785437150	6569e0f5c7a80cb506c18e9053a4012badb2820d	3670328	142619012	3866960	661383592
1785439223	bc4f5dd7034cf59eac9b37bccfe99441a80b14a2	3719480	142297394	3866960	661321328
1785439911	1e35e3e5c7bbedc62505a1ec4e97c5f079dc059d	3719480	142649145	3866960	662012938
1785440670	6db0f987bf5653a6ddbd03dabc709ea23a16b2a8	3785016	142189700	3834192	660473994
1785441169	a7de243d1e6344ef436fc63aa91f843da85f4ecc	3735864	142159951	3866960	661612382
1785442126	b7a99edced147125f5fe7ff83ae1f6782ddb9c5c	3899704	142788815	3883344	664707101
1785443952	61753c8416a1134db5546cf623bd463dfd9a166d	3866936	144050715	3981648	666756730
1785445321	0154588a4a944b8efd29f29992f2e89ce4c87606	3866936	143218164	3932496	673838904
1785446429	21763c4e2e5246f7e176bf62c0048cb2c9e67935	3883320	142697263	3735888	661541119
1785446733	32026314f481c21a1ebd1752e86cea8e39590b6b	3801400	141561539	3703120	660546687
1785448404	634ddab33e298d56176b3ce9606620a6efcf6e56	3932472	144328813	3866960	664224218
1785449309	38c3f71ef98dbdc7bc8e5e817569311feddca382	3817784	143524020	3932496	664460389
1785452006	3ad2f82499d24ead526ef524b4e78a0e72d113c8	3883320	144513644	3866960	665114438
1785453617	439132db2815386b2ee7d1bda80e46cea2d132c1	3850552	144864334	3883344	663970721
1785454829	17108364d843c38d7f88cbc568c66c1563ecc665	3932472	145579312	3785040	665040572
1785456524	7ee6b94c6985c5c890395aa0f20e36ea278f7527	3916088	144973236	3916112	665222223
1785457754	9e0b615bdaf1072b2333240398d6232adf6f6b5c	3768632	143070983	3899728	667368126
1785459027	bc05e39d8cd92372e533abd95a11cbc9b74fad6d	3850552	145347540	3768656	663563132
1785460116	b71fa518fdd489a1adf3844cf84ac7e7c51376b8	3670328	143632601	3735888	664088669
1785461011	b54bc3c0b7b9cdcf7a06e3b1759f692102b86d0c	3932472	141932903	3801424	663356528
1785465537	55f52b6d5cc4d1b6da8caf69e22ffc9d1783d635	3703096	144304678	3785040	672081597
1785466751	48be6a9da85ea2363cc2ce90ebeb29c31d6a0fe1	3834168	144720183	3899728	672991689
1785467513	5872bee7dcd6704af44f90a2541cc9f5c547039c	3883320	143979582	3866960	666470342
1785468440	7e942ebae7ae47bf8614ac7504323156e135e039	3899704	143769803	3866960	664582471
1785469319	67fb2d3e4b460d14a4da57f8f9bfcb64004552b7	3948856	143387421	3850576	665399030
1785470813	b603841736cac8b68c4d53ef29849a615a04aea9	3866936	143855451	3834192	663814748
1785472200	7a38e54d0f3c58e2596df3be8a9855e75cdd4706	3998008	143822328	3883344	665454340
1785473042	7d096c0b1f48723e87c5caedf7120fe4a6e42655	3850552	144198696	3866960	664596816
1785473772	9e7e708fe06870de96a43a0ead0239cd2ec01a82	3883320	144156753	3916112	665502147
1785474529	3951ff09bfd16661d6bf1159d7130a108c67e164	3899704	143766953	3850576	665409323
1785475128	0644767c92a1b0c2ccd9e3ba18264d255890321f	3998008	143238814	3916112	665358585
1785477105	ffdaadab8b2edb001164376dc4dec7074638adc1	3932472	143771939	3883344	665460024
1785478060	c653c481d92e6f7dc7fb8c36345efe7504f64e54	3670328	143778316	3752272	666222199
1785478922	0b05d873127b3ff76e675fae540d4fb4afe168c2	3719480	143759448	3801424	661662816
1785480793	073b7d30454e386243860feb5d3d30e052d23016	3866936	143336307	3817808	661902653
1785483171	fd851ac68a5ddb20cb28b3989f96f6c19a518410	3850552	144627924	3932496	666975795
1785486267	32ff1c5336aa4eb5d885ae3bbf6c7dbbb3a89e3c	3883320	144809813	3850576	671790357
1785488223	499a21eac95d5147fdbef6a746813e4f26d3d145	3834168	145036283	3998032	666408304
1785492173	299a74a6d5d97bcb68cae5f408042064911249c9	4030776	143185257	3899728	672380720
1785492887	5e06b299bd0dd4bf9ca5c17762005c3150bc17c5	3719480	141806802	3965264	666075484
1785495710	a8b6d4794f2a295fe9a9bd9ee2cb7a805fcd39ff	3801400	142937888	3899728	666339884
1785496676	b02bb8acb66a8dc180b8c60999164b9402b206c3	3916088	144305089	3948880	667374999
1785499953	3a34890ac4331e2726abe1e1caf39b764565906f	3965240	143844968	3916112	666128001
1785501615	7bed071fef1591c40445ddbdc4f938ecbb001d3e	3752248	141093453	3850576	674115974
1785502124	7714ad81b420554157445e4341ec2bf85d01ae16	3785016	139746638	3850576	666667531
1785504660	e789c82fb97603c8b7b5a09bc43fa98dcff20703	3572024	142508916	3899728	668955912
1785505275	b471a7ab838701c53b0d9417bf3d921aee0fc9f9	3555640	140816396	3932496	668110401
1785506816	0cc7c57653b625b7ce83f591a2c72b67ea142679	3670328	141200603	3834192	668436625
1785508713	95088a6b97ec0e785172069fb075d47fecb5e88f	3604792	141193728	3932496	668174313
1785510048	56d3cce11b9ed2e7fb132b246d3268611f516d0c	3604792	141402791	3981648	679451289
1785510920	42446709e1cec07bcd752e59b449b8e3ff948e5d	3719480	141323183	3948880	683798041
1785511488	d0c53f01df67163be2feb1264ead7c09d7229b18	3604792	139895921	4014416	682760196
1785513593	a185947fbad94730478b4c866aa82cdaa62890fd	3752248	139968531	3948880	684237281
1785514384	c6d86e58fd57b69f9c4202c364307cc20830ee9c	3604792	140336535	3932496	682033920
1785515424	f04ff6f572bc83714c2fd6fd335652d4b9c2b018	3539256	140452264	3981648	684020704
1785516694	2f0f3c115c9f44fdac2b5e9d9116a85974d152c5	3735864	144715184	3981648	683887032
1785521605	969252ee56c5bd7c9e7d0f186e91d4d734aaf4be	3850552	143644720	4079952	680189098
1785522328	d1a7cad439528de3255c0e66262015de6d74c5de	3735864	143574948	3998032	680623373
1785522821	62b77c83beb92a6abbb4484ea8c20d11599157a3	3719480	143426790	3965264	680485852
1785523359	734341069e84b882fd7a3451425cdebb315cb9a1	3719480	143416654	4030800	681653367
1785524159	913f2f6e3c353860178952c7a6c4d55b3fb9ab76	3785016	143383829	3981648	680597029
1785524903	96b46b10807f3867148552aad4b74de86ac382bb	3768632	143534651	4096336	680183316
1785525533	27080f7de03989c4fcf89bd31b83ff7d36e1d325	3719480	143536237	3981648	680441820
1785526923	2f928a444e249150d74f0580ba8a299c652fb7fd	3899704	145111353	4129104	691865532
1785527814	39ccdb35ab65f5e5d24de02950dd019a83b1bba6	3948856	146095298	3899728	690511051
1785528769	b1eae8e0ada6ca475c114cd735bd23210f32ae3c	3785016	144459491	4112720	689804635
1785529597	89331420917246930619b822d35fe98b24dbcb00	3981624	144022458	4096336	680736197
1785530606	9f17e28cebbbf86222e8ecc3e0afd0a20e02bc86	4047160	145547957	4079952	690450308
1785531769	c1ad42b401a03c4c4d7c6b9e3f9e430ab792e10d	3883320	145135843	4096336	684726668
1785533402	032f1758de8b892a800e7c9f721762f586fa50ac	3899704	145031807	4211024	689253781
1785535079	1c54ca9aee0481df192b32dab38ac47c8c6f2a05	3883320	143830208	4161872	682219214
1785535716	68f83c2a2bfaf498d4922c3e6902f03bace7c2a6	3965240	144512079	4145488	681745258
1785536510	e67f9ee852833509d41375f8dd33bb9c750e6ae5	3883320	144002567	4079952	683316807
1785537593	f9c710eed09a0973eaffee4942eb9a9ba1ea32d7	3834168	144454895	4129104	682497836
1785539100	a94dfdec84c231dbcde8b5feb607a86cee116e8e	3866936	142771262	4112720	682676134
1785539575	9be2dfbc5215fa7e57b5d6ef53063c41f310ea72	3866936	144107112	4096336	683267232
1785540204	51ed4845a23c1de206f8fde9def9993834c4fd2b	3785016	146408502	3948880	681846974
1785541479	9221a233fb8ff510fd6582b2912d1c27481dca62	3686712	144598642	3948880	688462134
1785542260	61551c62dbdb618ef35061f8d45d9a31777abf94	3965240	147225548	4096336	685847643
1785543450	2565d404d83a279f8c096bd45bc5d372b1165643	3834168	144131065	3899728	685598683
1785544117	48e2d969fc809a4664ebeff44b687c7884c6f6b6	3703096	145356270	3998032	682527145
1785545166	7d2a1d50ab98cf4e0294a5a68267162fd14e40e5	3719480	146765795	4145488	698127324
1785546743	bb0213d3e4f02aa77ce9d8e2f2dfff2cd8b7e34e	3817784	146878611	3998032	689262203
1785547749	3b27db62eb35bea4b22b452d581c910190bbf188	3916088	145264796	4096336	689451605
1785548643	3698d7d4b744a1528263e800f5e58c45d08991f8	3703096	145688266	4129104	690205080
1785549350	333ab9279811d3a035f36d92c6965f5e25cd5439	3834168	144972706	4063568	689771125
1785550937	36c564dadb1e27b52ae1a06f8bd8c825acb00a5e	4030776	144986782	4112720	689797612
1785551957	e8e0ecdbac594cc0d427c66bc163d1c363ebafb4	3948856	145737190	4030800	695054595
1785553198	ca4648e8f6d767578986e2a71d351ca28f89ffb1	3653944	143818427	4211024	695717493
1785554111	da166e9992b75b03d401338bc1b199c6fc104248	3850552	145584507	4129104	690728052
1785555618	77e41bfe5d47683e8a277070341180e14635614e	3817784	146045561	3948880	696847888
1785556947	4b7238ff327e824fe9c4a7486d43e603531d6b41	4063544	145717729	4129104	690096374
1785557786	ca6d55687239ce8904a76e9883f9422ce442f501	3801400	144246454	4063568	689538403
1785558665	f68ff73349356b5c567c82f5c6f468b9d5959198	3899704	148066019	4096336	692173183
1785559777	a2e38be9ed7964c3d127e90ba0b75706602f39c7	3752248	145788701	4112720	692514829
1785560599	b5afaf24b9311e379b500a5d9763481cf1b95696	3768632	145568805	4079952	690287962
1785565236	0940f521ca9e68c7e76ad45b07ec5879baa96c36	3801400	145143205	4047184	692545918
1785568802	79ca435f4635fb45310028dbcb81ff653311eb04	3866936	146802054	4227408	698850267
1785571099	cba8045a5385be1a952d9ff4902550e426439827	3916088	143083422	4063568	688892165
1785574135	ba65b376d3caa6fef165e7af6ea426d3679ee9c8	3637560	148600192	4014416	692688155
1785575442	a9ce1e1acf6568920758212a2c004472ca544edb	3834168	147437587	4178256	693549098
1785578833	af4c924ef247dd30229ebac0e4040fbbec626afc	3768632	148741751	4079952	699687215
1785579645	b6cf6f981355fe2709b63ac37ed07a590ee56536	3948856	147357711	4063568	689649315
1785583255	45aa48d390e835575f6ff8fdd01a0667289c3497	3948856	147877179	4112720	693739434
1785584504	a65abc9a4109833eedc32afe4bdd30c6dece211e	3965240	146558429	4112720	692894211
1785585795	d95f6e9f72618b46f1ba360df1602c9dbe563732	3965240	146619439	4194640	692820411
1785589348	20eb675abe566be0b400aeb2fd87f66a54afbf11	3948856	148434261	4063568	698663955
1785590331	be5eff8b04029a835bad91129df872d0d0c2534e	3850552	147207357	4161872	691495598
1785593100	cca4aeda2f9b2e5a4d89aeebd8833925e1e6fa04	3850552	147260565	4079952	690762216
1785593925	26d20d3504b9cc4c9ba121d06fb4d0523eb1c45b	4079928	181122489	4161872	710548269
1785598317	39ed5ce2d1bcdd0078e1bdebfe9900ff38e78d35	4063544	181502417	4260176	720064326
1785599327	46d24c73b00ead2eb1575261dc8f5653387e2ae7	3998008	179092153	4145488	714223792
1785600035	01a89737ae52f4dcdb2b720131ff1813d95f21c9	3932472	179423799	4243792	713426170
1785601213	5426ec3dbfed0098e771c8112c5d5c0b2f221194	3883320	179558940	4194640	714201919
1785602909	665f8a7b1081d30eb58b7a7cd6c4871e1203ad34	3916088	150860498	4145488	695231472
1785604110	546577b19a4633d241a36173cfce391229f0c404	3703096	150802135	4129104	695902996
1785605126	eac89ca5b4d36229411d400545f03671d7bd8dad	3866936	149958112	4145488	695911592
1785605137	3fdfc1c9a442511f73f2d534f4d21efa3b707598	3981624	151304154	4260176	697351971
1785607947	6693bc575ae0926f10570317754526ffb7965e44	4063544	150546633	4129104	694422531
1785609269	2dc5015d9c3bf7dc526dbc00aeb75457d33c6ee6	3981624	149694719	4276560	695824196
1785609936	5f854ac6b5415f3e6a43723e13af5b9f7007fc8b	4047160	150654090	4211024	696183712
1785610792	2c15255a2d958513602a08a1106dad426128d3d9	4030776	150423996	4194640	697858519
1785612017	da32587f2ec9ecfa1007ce3b402929bcdcb7c7b1	3948856	153733652	4112720	701808228
1785615132	1cc86707358d040b49227ba7a6b14f6767aa81d9	4047160	154664545	4096336	701862715
1785618456	3315eb244e757659f079b9867de1b7e4e50485e3	3948856	152639206	4112720	695321303
1785619091	2a137c45723e51ffda20c6789eac7efab8582724	3981624	152813035	4047184	695060969
1785620074	58eb24758c33954481fb8592df1e817332247928	3948856	150700780	4538728	643738830
1785620846	effbc8656eeb552e34cf4140b1f17be348fb8137	3752248	148078650	4473168	643700196
1785624134	673facfc5abdd16e125880b9ceebb2d7823ba9bb	3899704	149787717	4473168	643619681
1785633732	c93bd1f851da99d05b78b803278eedc558c5c60b	4030776	149408909	4587856	643952729
1785636471	7d9049b7064a6346f2bc6e6455e7d9268c57c924	3866936	148846970	4489552	645588394
1785640133	8ca908d610073388f8163ac7de8fe03372a131da	3965240	151518919	4538704	651786286
1785643005	95755bc79a777c45252491b92a438dcd814478a5	3801400	149804109	4473168	643473130
1785646981	485ba5672b5f8b30c54aa1ceccd1461f122db5fa	3850552	149410031	4571472	643840265
1785649928	b1d9d6edfdcdcb3faddd4a26224c99754413e78a	3866936	149479046	4505936	643547385
1785655414	cc90410a55fe981ed2734a82ed5cf4be06aa4722	4030776	149690607	4440400	636799315
1785656604	23748006e7b9caf7560d5950ab3aca4bb7fc8cb8	3752248	150675812	4456784	638564507
1785657616	5be4ffabbc7c3081478fd584d7c2ff59635065d0	4161848	140994790	4587856	632785670
1785658561	dddb0aec1ad242bd11dfacb980fc255d7a04341d	4014392	133543427	4391248	629682683
1785660272	8104352a7a447ae7dc47776e3278af148e75db34	4211000	131846827	4505936	629996319
1785661305	ef79d91dc8065ba0b83fbc9c21239a9b9b460007	4047160	134827041	4538704	630587545
1785662181	4f6d65539ba3d63eb3f455af3287787b59830ee1	4047160	134973068	4555088	636986896
1785664018	4bd98f54f3084d2e97502b7128469ce102d3c3ad	4161848	132777203	4669776	634790781
1785665864	099010781d8dbcae74a867709cd47def971d06cb	4079928	132838826	4604240	633458354
1785666621	6659694a7697dee7025a06705bbbd4b5d1f43795	4112696	132565834	4686160	633881927
1785667674	5fc48e2429fc0349e69c80f25ee6ddd258992529	4014392	136579040	4555088	636385092
1785670833	12f0642dd4f0ae5dcb2092b44c8425d27da6d6b8	4096312	134214301	4489552	630920275
1785672668	0362070f4e0737497465ef3368af92b8a667ff8f	4243768	135483726	4587856	632362298
1785674082	90620d792a09096f9c6919800103af0af3208d5f	4129080	134885129	4489552	632526301
1785675771	afa312b5fa885d8ea40b8939a2968be990a6205d	3965240	134149220	4686160	632174239
1785677120	99c770e85c0887e68a6b43e9fe51bfeb52ab87da	4047160	134552125	4637008	630851900
1785678905	88588658603f9f47336e16b513fb58f264c3a81f	3899704	134864609	4571472	638700893
1785679836	dab66f00c059c86498e1a92514c548299d5cf8da	4063544	135469702	4587856	630047978
1785680776	3c46032eb16a4be0e93457658995499f7b1643e1	3948856	133495083	4522320	631255589
1785681687	6c75502f4a4d585c0964c9e6329ef9ea377338f7	3981624	133474226	4391248	630372196
1785682635	eea6799e81fe1729653f6847cbde20e955f6b07a	4178232	134169346	4587856	630579718
1785683937	9d5307e8a28e948e63f3ec8c76ddabc8a4d2a7ec	4129080	135168879	4587856	630525001
1785688210	02cc8a1a9fb9fa0e30e5a29358fc98acb6b5d751	4211000	134052363	4505936	631286808
1785689140	52b748652bcee867f349e2e93cb59c61e18a634d	3981624	133679481	4555088	633568489
1785690810	ec4108f37a71ab5c9123e2e7a17694cd400d4a49	3981624	135895662	4653392	639672878
1785691987	e0a43236c2b0c873cd83869277aef3c9009bdd23	3998008	135306345	4637008	632780850
1785693616	01a7be55584c97de59e197080d70121b2d93d389	3850552	134832531	4522320	632857400
1785695787	da4d6beec3ce38788f7b25cde6e9993840e235b7	3965240	135085908	4456784	634190741
1785696554	dbdcc3d270aa7d5ed2025061a03a93b2671bf1f7	3899704	134806818	4424016	632837671
1785700715	5cb71961786e0050c118215f60971a225536f1a1	3850552	134316407	4440400	632773455
1785701858	8dd83564f24943e2ea2a13d24e73350a597a29e5	3883320	134958734	4424016	632888367
1785703176	7d3e4159236a34510947257e524cdb292836e370	3948856	134848423	4407632	632010090
1785704261	5ba91001d9024558549f9ef63f3b00f753855bd6	4063544	134662977	4637008	632824568
1785705350	c1125ce197daeb32ecb5d94fc040892bf0c77c12	3899704	134891456	4456784	632751403
1785706379	1b2b840211e3703e1e5fd2c27a088bdcfd4b6919	3981624	134576265	4374864	631958942
1785707984	1217243c86b3c3f24047e56c61ba153504ded0ed	3965240	135151983	4407632	632098658
1785709083	7c8539c833f07795d5f4a2f2fe4bb99a4b1d1791	3850552	134234916	4489552	631847367
1785709901	cab14b6b2371bfb7cf8e452684daf66885d648ef	3998008	134778890	4440400	631963421
1785710926	589e8bbdcb3fd5104b35e2c5977e7d9705c39d5a	3817784	135369199	4391248	638900143
1785711502	1e62f422131d1ec743eb5094c12adb4638020aee	3948856	133370602	4391248	632665512
1785712665	839c95a46e07778e32a2fc3c1bcac64ed1370df4	3883320	133299441	4489552	634260679
1785714262	de67493cf1f48d8e82dd7bc78ba2cb5a91e42481	4112696	135111023	4374864	633414559
1785715257	c8a5c4e94c50fbf86566ac7daaba4c325ac8a7b7	3883320	134583120	4391248	630897048
1785716597	fb62b7e2a4778e6515c1ec49a5390de01d50c00b	3932472	135365892	4555088	633925582
1785718953	1fa61a8a87b0f7d5fe4390adcc7d007e656c45c9	4096312	135772325	4587856	639297947
1785719984	82804c46b480ef46b895df099ab82522a66ea352	4096312	134562385	4555088	634268233
1785721824	b55420add332864290f069be958b0837a342c217	4096312	134773051	4522320	633938705
1785722976	137c6962e2f6bd04c05ca284b85bd45c79db99fc	4079928	134627754	4571472	634225820
1785723745	4fa9cc98967c0c4a80448c3fbd744c651910b386	4079928	134916929	4522320	634315366
1785724751	64c613f7b53588fae8ba9f15a59be7a7303c6b7a	4079928	134592048	4620624	633499534
1785726417	6ba9d74ecf792503973764cca5aea3095710061e	4112696	135622854	4489552	633660885
1785730766	e8ef929e2b4c27908d03212547ce72f14eb77f7f	3916088	134411382	4440400	636783712
1785732991	b1c093d57a5fa7bd2a4131a2ad8537e26852f2e3	3932472	133402291	4424016	629947417
1785735121	92c7e3a0c87098acfa5a293e6e039aac67a29379	3850552	136700439	4424016	639823020
1785735966	8315c56d8eb9c573a72ac510310459f2e6f87789	3998008	135504049	4391248	635031848
1785737188	7991e572c2ea26e2c4f124f9b22567fc01fcf2df	3817784	135576297	4342096	633988673
1785738543	70ac1856264fb004cb4715bfabf77702de0d2dd6	3817784	134571944	4391248	634731549
