id,city,amount,flag
1,Paris,542.94,n
2,Paris,542.22,
3,Rome,198.9,
4,,573.59,
5,Rome,989.37,y
6,Lima,535.35,y
7,Paris,68.84,
8,Oslo,781.58,
9,Kyiv,469.25,
10,Paris,918.51,
11,Paris,156.43,y
12,Oslo,642.55,y
13,Rome,-3.27,y
14,Oslo,735.93,n
15,Kyiv,377.67,
16,Paris,206.01,y
17,Lima,789.24,n
18,,-43.98,y
19,,549.43,n
20,Paris,483.17,y
21,Lima,877.74,n
22,Rome,943.51,
23,Oslo,328.85,y
24,Oslo,688.12,n
25,Lima,91.29,n
26,Oslo,37.59,
27,Rome,-49.29,y
28,Kyiv,18.58,n
29,Kyiv,879.16,n
30,Paris,45.73,
31,,210.16,n
32,Oslo,391.57,n
33,Oslo,385.92,n
34,Oslo,943.57,y
35,,272.94,y
36,Oslo,-35.65,n
37,Kyiv,994.67,y
38,Paris,844.01,y
39,Paris,536.44,y
40,Rome,909.3,n
41,Kyiv,793.73,y
42,Kyiv,467.54,y
43,Lima,-49.39,
44,Oslo,348.64,y
45,Kyiv,195.5,
46,Paris,791.26,y
47,Rome,5.19,y
48,Lima,528.73,y
49,Paris,962.77,n
50,Kyiv,338.39,y
51,Oslo,47.36,y
52,,713.8,y
53,Paris,-29.68,n
54,Paris,437.19,n
55,Paris,116.75,n
56,Rome,703.1,n
57,,189.63,y
58,Rome,357.38,
59,,277.02,y
60,,157.71,
61,Rome,676.04,
62,Kyiv,458.83,
63,Kyiv,52.88,y
64,Oslo,86.1,y
65,Lima,621.55,y
66,,919.7,n
67,Kyiv,286.83,
68,Lima,593.56,
69,,179.94,y
70,Rome,115.67,n
71,,683.17,
72,Oslo,755.17,n
73,Rome,228.39,
74,Oslo,-28.28,n
75,Kyiv,489.26,y
76,Oslo,29.24,y
77,Lima,319.57,
78,Rome,699.95,y
79,Rome,424.67,n
80,,383.8,
81,Paris,855.99,
82,Paris,133.95,y
83,Kyiv,-26.55,n
84,Lima,868.77,y
85,Paris,-22.14,
86,Kyiv,48.08,y
87,Lima,907.47,n
88,Oslo,129.05,y
89,Paris,543.87,n
90,Oslo,916.0,
91,,916.19,y
92,Lima,989.75,n
93,,61.31,n
94,Kyiv,51.8,y
95,Paris,605.26,y
96,,769.14,n
97,Paris,446.99,y
98,Oslo,748.05,y
99,,68.81,y
100,Kyiv,287.12,
101,Kyiv,382.73,
102,Paris,859.84,n
103,Kyiv,527.4,
104,Paris,59.81,
105,Lima,-10.96,
106,Kyiv,64.99,y
107,,251.75,y
108,Paris,601.75,
109,Lima,587.39,y
110,Lima,432.28,y
111,Paris,838.84,y
112,Rome,629.47,n
113,Kyiv,815.06,n
114,Lima,266.51,n
115,Lima,822.8,y
116,Kyiv,781.22,y
117,Kyiv,230.74,y
118,Lima,714.29,y
119,Rome,128.48,n
120,Oslo,409.72,
121,Lima,34.06,y
122,Kyiv,97.88,n
123,Rome,310.66,n
124,,451.41,
125,,597.33,n
126,Paris,888.83,n
127,Oslo,369.88,y
128,Paris,314.54,y
129,,839.0,n
130,Lima,697.87,n
131,Paris,801.03,y
132,Rome,790.15,n
133,Rome,546.15,y
134,Lima,958.22,y
135,Rome,971.38,y
136,Oslo,774.67,n
137,,92.89,
138,,808.57,n
139,,52.19,y
140,Kyiv,211.28,n
141,,184.2,y
142,Kyiv,939.66,
143,Oslo,886.07,y
144,Lima,246.82,n
145,,657.38,
146,Paris,605.9,y
147,,465.78,y
148,Kyiv,64.3,
149,Rome,458.52,n
150,Rome,544.45,
151,Kyiv,-41.19,
152,,695.55,
153,Lima,994.33,n
154,,377.9,y
155,,79.71,
156,Oslo,890.65,y
157,Kyiv,267.57,y
158,Paris,356.13,n
159,,293.25,y
160,Paris,406.79,y
161,Kyiv,-1.33,n
162,Kyiv,671.29,n
163,Oslo,588.9,y
164,Kyiv,33.96,y
165,Paris,176.61,n
166,Rome,849.91,n
167,Paris,144.87,
168,,629.23,
169,Kyiv,526.93,
170,Oslo,853.16,y
171,Paris,525.95,
172,,330.33,
173,Rome,787.38,
174,Paris,623.99,n
175,,358.54,n
176,Rome,748.79,n
177,Paris,135.0,
178,Paris,307.77,n
179,Kyiv,213.41,
180,Paris,99.78,y
181,Kyiv,743.28,y
182,Oslo,655.58,
183,Paris,475.05,
184,Kyiv,109.81,y
185,Rome,855.69,y
186,Kyiv,656.1,n
187,Kyiv,999.09,n
188,Kyiv,272.8,n
189,Lima,116.41,n
190,Paris,574.6,n
191,Rome,92.36,n
192,Oslo,759.88,n
193,,119.68,y
194,Rome,-3.31,y
195,Oslo,247.87,
196,Lima,322.35,
197,Rome,415.76,
198,Oslo,603.81,n
199,Paris,907.99,y
200,Paris,619.08,n
201,Rome,890.69,
202,Kyiv,645.14,y
203,,442.48,n
204,Paris,643.82,y
205,Rome,655.4,
206,,649.93,y
207,Rome,644.18,
208,Paris,751.78,y
209,,254.95,
210,Rome,405.6,n
211,Lima,740.53,y
212,Rome,235.92,y
213,Rome,125.54,y
214,Oslo,902.33,n
215,Oslo,458.42,n
216,Paris,502.63,
217,Rome,115.15,n
218,,773.12,y
219,Rome,75.9,
220,Lima,844.41,n
221,,101.27,
222,Lima,781.86,
223,Rome,848.73,y
224,Oslo,581.86,y
225,Paris,-0.94,
226,Paris,624.79,n
227,Rome,142.09,y
228,Rome,100.66,y
229,Lima,157.12,
230,Paris,74.84,y
231,,126.22,n
232,Oslo,51.71,n
233,Kyiv,462.33,n
234,Lima,625.39,n
235,Paris,225.36,n
236,,-32.64,
237,Rome,3.57,y
238,Kyiv,484.71,n
239,Lima,919.06,n
240,Paris,205.75,y
241,Paris,74.25,y
242,Oslo,374.27,
243,Kyiv,774.94,
244,Rome,735.91,
245,Lima,716.26,n
246,Oslo,316.36,
247,Rome,923.83,n
248,Lima,124.6,
249,Lima,860.68,n
250,Rome,953.0,n
251,,221.09,y
252,Lima,42.47,n
253,Oslo,564.51,y
254,,416.14,
255,Rome,14.97,n
256,Lima,823.06,n
257,,233.17,n
258,Rome,696.55,
259,Kyiv,50.7,
260,,602.2,y
261,Oslo,869.14,n
262,Oslo,703.55,y
263,Oslo,756.61,
264,Lima,260.68,n
265,Paris,476.32,y
266,Rome,947.85,
267,Oslo,442.4,y
268,Lima,288.89,n
269,Paris,396.75,
270,Kyiv,615.6,
271,Oslo,694.46,
272,,532.41,y
273,Paris,670.13,
274,Oslo,945.16,n
275,Kyiv,159.62,n
276,Kyiv,171.67,
277,Paris,751.07,y
278,Kyiv,513.05,n
279,Paris,322.81,n
280,Lima,733.59,n
281,Lima,645.21,n
282,Lima,808.66,
283,,321.62,
284,Lima,930.08,y
285,Rome,-31.64,
286,,6.06,y
287,,485.82,n
288,Lima,19.19,
289,Oslo,471.36,
290,Lima,897.73,y
291,Rome,995.41,n
292,Kyiv,892.57,n
293,Rome,940.24,y
294,Oslo,635.97,
295,Rome,563.87,y
296,,741.18,y
297,Paris,16.05,n
298,Oslo,547.28,y
299,Lima,18.23,
300,Oslo,152.8,n
301,Rome,530.47,
302,Kyiv,496.53,
303,,293.57,
304,Kyiv,843.91,n
305,,969.69,
306,Lima,129.53,
307,Rome,118.91,n
308,Paris,99.24,n
309,Paris,978.0,
310,Lima,420.78,n
311,,749.28,
312,,690.41,
313,,199.06,n
314,Rome,937.43,y
315,Paris,276.31,
316,,206.87,y
317,Oslo,773.66,y
318,Lima,305.12,n
319,Paris,-14.74,y
320,Rome,84.3,
321,Oslo,314.75,y
322,Rome,836.41,
323,,257.69,n
324,Kyiv,584.4,n
325,Lima,226.08,n
326,,598.02,y
327,Oslo,47.44,n
328,Rome,767.53,n
329,,506.21,n
330,Rome,461.34,n
331,,151.15,
332,Lima,376.49,
333,,944.81,y
334,,510.53,n
335,Oslo,710.99,n
336,Oslo,374.87,
337,Kyiv,58.81,
338,Kyiv,694.44,
339,Lima,557.53,y
340,Lima,49.71,y
341,Paris,817.82,y
342,Lima,861.08,n
343,,900.26,n
344,Rome,320.82,y
345,,418.97,
346,Lima,378.69,y
347,,372.63,n
348,Paris,696.15,
349,Kyiv,315.95,
350,Kyiv,349.46,n
351,Kyiv,239.94,
352,Rome,626.54,y
353,Lima,424.07,y
354,,426.2,n
355,Kyiv,716.52,y
356,Paris,918.4,n
357,Kyiv,994.75,
358,Paris,152.88,
359,Rome,182.37,y
360,Kyiv,944.76,n
361,Rome,-20.87,
362,Paris,25.66,y
363,Lima,693.78,y
364,Kyiv,803.54,y
365,Paris,712.78,n
366,Paris,982.92,y
367,Oslo,388.46,n
368,Oslo,916.07,n
369,Oslo,61.01,
370,Rome,806.6,y
371,,927.52,n
372,,271.71,y
373,Paris,590.95,n
374,Kyiv,952.31,n
375,Lima,409.32,n
376,Rome,831.31,n
377,Paris,589.68,
378,,44.98,
379,Kyiv,10.6,
380,Oslo,407.65,n
381,Kyiv,66.98,
382,Oslo,789.21,
383,,424.54,y
384,Kyiv,94.08,n
385,Rome,141.61,
386,,162.66,n
387,Rome,846.62,n
388,Kyiv,217.86,n
389,Lima,643.46,n
390,Kyiv,27.6,n
391,Oslo,907.83,n
392,Rome,799.32,y
393,Kyiv,31.71,y
394,Kyiv,715.54,y
395,Oslo,359.66,y
396,Lima,191.88,y
397,Rome,721.16,
398,Kyiv,890.1,
399,Rome,616.64,n
400,Lima,192.46,n
401,Lima,176.11,
402,Paris,668.58,n
403,Kyiv,291.39,n
404,,398.36,
405,Oslo,961.45,n
406,Kyiv,239.67,y
407,Rome,234.97,n
408,Paris,641.51,n
409,Oslo,982.42,
410,Oslo,261.44,n
411,Kyiv,437.01,y
412,Kyiv,884.92,
413,Kyiv,156.16,y
414,Lima,961.78,y
415,Paris,290.03,y
416,,784.88,
417,Paris,299.31,
418,Rome,19.39,
419,Rome,959.74,y
420,Rome,217.78,y
421,Lima,58.03,n
422,,755.91,
423,Kyiv,77.35,
424,Oslo,564.28,
425,Paris,718.91,
426,Oslo,347.92,y
427,Rome,496.53,
428,Kyiv,69.2,y
429,Paris,-1.22,n
430,Kyiv,639.0,y
431,Lima,358.16,n
432,Oslo,481.44,
433,Kyiv,350.68,
434,Oslo,887.35,n
435,,47.44,y
436,,88.61,n
437,Kyiv,835.86,
438,Oslo,978.15,
439,Oslo,533.67,n
440,,882.91,n
441,Lima,261.26,
442,Kyiv,98.53,y
443,,997.85,y
444,Rome,757.49,n
445,Kyiv,772.83,
446,Lima,932.68,n
447,Kyiv,939.49,
448,Oslo,823.84,n
449,Rome,197.27,n
450,Oslo,908.71,n
451,Lima,355.94,
452,,565.8,
453,Kyiv,384.71,n
454,Oslo,70.94,y
455,Oslo,764.9,y
456,,838.26,
457,Rome,184.93,y
458,Oslo,477.27,n
459,,726.91,y
460,Rome,81.63,y
461,Oslo,155.89,n
462,Oslo,483.25,n
463,Paris,509.69,y
464,Rome,798.36,y
465,Kyiv,856.12,n
466,Kyiv,384.38,
467,,-29.79,n
468,,753.59,n
469,Rome,983.83,
470,Paris,747.7,y
471,Lima,291.72,y
472,Lima,398.57,
473,Oslo,528.33,
474,Rome,444.94,
475,Lima,386.14,y
476,,751.42,y
477,Paris,282.76,n
478,Rome,668.6,n
479,Paris,752.17,
480,Paris,135.8,
481,Paris,209.74,
482,Rome,876.44,
483,,-15.0,
484,Oslo,209.39,y
485,Kyiv,270.6,
486,,497.22,n
487,Oslo,381.46,n
488,Kyiv,298.87,y
489,,542.82,y
490,Paris,262.77,
491,Paris,665.84,y
492,Lima,684.45,y
493,Lima,927.43,
494,Oslo,140.89,y
495,,328.24,n
496,Paris,265.7,n
497,Rome,167.41,
498,Oslo,668.08,n
499,Kyiv,-8.03,y
500,,975.92,y
501,,353.24,
502,Paris,450.22,
503,Oslo,789.28,y
504,Kyiv,211.53,n
505,Rome,-6.67,
506,Oslo,456.43,
507,Rome,481.8,n
508,Rome,631.27,n
509,Paris,269.98,n
510,,20.08,y
511,,895.85,y
512,Kyiv,478.45,
513,Kyiv,84.37,n
514,Paris,489.26,
515,Kyiv,690.26,n
516,Kyiv,586.73,
517,Kyiv,486.11,y
518,Oslo,691.82,
519,Paris,383.01,
520,Kyiv,516.52,y
521,Oslo,370.33,n
522,Paris,901.03,n
523,Kyiv,909.45,
524,Lima,371.93,
525,Rome,41.48,y
526,Rome,535.83,
527,Oslo,469.99,n
528,Oslo,860.82,
529,Paris,263.45,n
530,Kyiv,810.93,y
531,,39.7,
532,Paris,433.35,n
533,Rome,689.19,y
534,,801.32,n
535,Oslo,692.92,y
536,Paris,79.18,y
537,Paris,112.26,
538,Oslo,543.99,n
539,,269.72,n
540,Lima,-18.65,y
541,Kyiv,32.09,n
542,Kyiv,645.28,y
543,,417.26,
544,Oslo,252.5,n
545,Kyiv,-9.2,n
546,Lima,353.5,n
547,Kyiv,137.73,y
548,Lima,215.67,
549,Rome,27.28,n
550,Kyiv,414.19,y
551,,175.29,
552,Rome,683.78,
553,Rome,778.89,y
554,,15.53,y
555,,351.18,n
556,Kyiv,308.99,
557,Lima,126.78,
558,Kyiv,970.95,n
559,Rome,53.53,y
560,Oslo,352.6,
561,Rome,855.9,n
562,,187.26,y
563,,607.23,n
564,Lima,986.11,n
565,Paris,817.7,y
566,Paris,723.19,y
567,Rome,344.44,
568,Lima,246.15,y
569,,788.76,y
570,Oslo,556.49,n
571,Oslo,642.45,
572,Oslo,9.43,
573,Lima,718.81,
574,Kyiv,278.86,
575,Rome,64.24,n
576,Rome,940.48,y
577,Lima,185.05,
578,Oslo,668.41,y
579,Rome,985.94,y
580,Kyiv,765.15,
581,Oslo,454.24,n
582,Rome,28.92,y
583,,678.76,n
584,,370.48,n
585,Oslo,976.28,
586,Paris,332.0,
587,Paris,846.87,
588,Rome,646.88,
589,Rome,971.9,y
590,Kyiv,747.02,y
591,Kyiv,826.13,
592,Lima,963.22,
593,,986.95,y
594,Kyiv,290.36,
595,Paris,239.97,
596,Lima,603.99,y
597,Paris,215.43,
598,Paris,18.83,n
599,Lima,185.97,y
600,Oslo,747.31,
601,Kyiv,600.25,
602,,528.9,n
603,Oslo,996.63,y
604,Rome,99.8,
605,Paris,788.68,
606,,987.57,y
607,Rome,766.87,y
608,Kyiv,357.64,y
609,Lima,861.79,
610,Paris,917.92,n
611,Paris,953.08,n
612,,65.96,
613,Kyiv,174.91,n
614,Rome,275.24,n
615,,855.27,
616,Kyiv,981.14,y
617,Kyiv,363.92,n
618,,427.65,y
619,Oslo,872.43,y
620,Paris,591.64,y
621,,139.5,n
622,,633.78,y
623,Rome,-45.62,n
624,Rome,638.89,y
625,Paris,465.0,n
626,Kyiv,568.51,y
627,,-5.09,
628,,950.44,
629,Lima,251.3,n
630,Paris,105.77,y
631,Kyiv,498.32,y
632,Lima,247.84,n
633,Paris,391.77,y
634,Rome,2.0,n
635,,717.07,y
636,Lima,916.56,
637,Paris,860.53,y
638,Kyiv,556.33,y
639,Kyiv,449.55,y
640,Kyiv,232.31,n
641,Rome,273.07,
642,Kyiv,164.78,y
643,Rome,474.57,
644,Lima,563.03,n
645,Kyiv,536.03,
646,Rome,840.23,n
647,Paris,218.15,n
648,Oslo,499.42,y
649,Lima,856.17,n
650,Paris,309.81,y
651,Rome,630.13,
652,Paris,293.84,n
653,,693.66,
654,Lima,235.13,y
655,Oslo,423.29,y
656,Lima,904.3,y
657,Rome,953.6,
658,Oslo,106.29,n
659,Kyiv,453.85,y
660,Lima,449.87,n
661,Paris,960.18,
662,Lima,21.96,n
663,Rome,746.8,n
664,Rome,3.5,y
665,Paris,623.57,y
666,Rome,-8.36,n
667,Kyiv,488.29,n
668,,663.01,y
669,,627.59,
670,Lima,291.3,
671,,542.04,n
672,Rome,142.92,n
673,,651.2,n
674,Rome,481.24,n
675,Lima,627.41,y
676,Lima,84.53,n
677,Paris,402.14,y
678,Oslo,133.89,y
679,,929.24,n
680,Oslo,691.78,
681,,340.71,
682,Rome,37.69,
683,Lima,853.36,
684,Lima,110.04,y
685,,976.69,n
686,Kyiv,67.82,y
687,Kyiv,464.37,y
688,Kyiv,592.13,n
689,Kyiv,322.98,
690,Rome,316.75,y
691,Rome,477.49,n
692,Rome,957.01,n
693,,821.89,y
694,Oslo,632.15,
695,Kyiv,398.04,y
696,Paris,576.92,n
697,Paris,869.3,n
698,Oslo,867.74,n
699,Lima,107.73,y
700,Lima,480.0,y
701,Kyiv,444.37,
702,Kyiv,343.2,
703,Lima,376.68,y
704,Oslo,-19.17,n
705,Lima,374.07,
706,Lima,339.69,
707,,193.79,n
708,Paris,453.85,n
709,Oslo,425.3,
710,Rome,877.05,y
711,Oslo,772.26,
712,Kyiv,661.53,
713,Oslo,494.69,n
714,Kyiv,39.57,n
715,Kyiv,450.53,y
716,,128.06,
717,Lima,307.64,n
718,Kyiv,422.38,y
719,Paris,146.41,y
720,Rome,303.61,n
721,Rome,841.51,y
722,Oslo,632.35,
723,Oslo,466.29,y
724,Kyiv,666.98,
725,Paris,953.07,y
726,Paris,768.39,
727,Lima,994.1,n
728,Oslo,404.38,y
729,,360.72,y
730,Kyiv,861.45,
731,Rome,155.01,y
732,Lima,159.01,
733,Kyiv,853.42,
734,Lima,334.92,n
735,Lima,324.48,
736,Paris,825.59,n
737,,260.67,y
738,Lima,424.77,
739,Paris,183.02,
740,Oslo,115.15,y
741,,83.99,n
742,Kyiv,97.81,
743,,962.01,n
744,Rome,2.91,
745,Kyiv,490.94,y
746,Lima,401.72,n
747,,615.12,
748,Lima,464.16,
749,Lima,782.01,n
750,,888.11,n
751,Lima,190.62,y
752,Rome,688.89,
753,,501.28,
754,Paris,114.58,
755,Rome,302.5,y
756,Kyiv,213.26,
757,Lima,827.34,y
758,Rome,804.58,y
759,Paris,568.44,
760,Rome,986.46,n
761,Lima,851.23,n
762,,280.27,
763,Kyiv,469.98,
764,Oslo,131.87,y
765,Oslo,884.89,y
766,Lima,204.01,n
767,Paris,908.44,y
768,Lima,480.28,y
769,Kyiv,661.14,y
770,Oslo,439.46,n
771,,525.12,n
772,Kyiv,243.17,
773,Kyiv,759.71,y
774,Kyiv,705.48,
775,Rome,859.7,
776,Rome,320.52,n
777,Oslo,179.48,
778,Kyiv,279.47,n
779,Rome,107.77,n
780,Lima,-24.78,
781,Rome,695.58,n
782,Kyiv,769.58,n
783,Rome,372.23,y
784,Rome,582.02,n
785,Lima,672.83,
786,Rome,17.14,y
787,Lima,-40.66,
788,Oslo,52.78,y
789,Kyiv,390.79,y
790,Rome,984.23,n
791,Oslo,584.72,n
792,Paris,410.58,n
793,Oslo,680.55,y
794,Paris,671.62,
795,Lima,766.62,n
796,Lima,197.23,y
797,Paris,530.91,
798,Rome,11.59,y
799,Paris,171.31,y
800,Oslo,834.51,n
801,Oslo,420.45,
802,Oslo,356.33,
803,Oslo,560.58,y
804,Lima,33.49,y
805,Paris,955.13,n
806,,271.19,n
807,Lima,473.33,
808,Oslo,822.82,n
809,,477.25,n
810,Paris,278.32,y
811,Paris,-37.57,y
812,Lima,247.83,n
813,Lima,899.38,
814,Lima,811.1,n
815,,771.69,n
816,Lima,414.06,n
817,,37.38,n
818,Oslo,728.83,n
819,Rome,388.83,
820,Rome,186.03,y
821,Rome,924.12,
822,,349.09,y
823,Lima,182.38,y
824,Rome,153.96,n
825,Rome,409.19,n
826,Oslo,-21.18,n
827,Oslo,608.73,n
828,Lima,74.17,
829,Rome,948.1,y
830,Lima,178.8,y
831,Paris,938.45,y
832,Lima,708.63,n
833,Rome,570.42,n
834,,485.05,y
835,Oslo,308.3,
836,Lima,461.31,y
837,Lima,969.32,
838,Rome,-36.79,
839,,781.94,n
840,Oslo,793.94,y
841,Paris,757.99,n
842,,526.01,
843,Paris,505.73,
844,Oslo,99.6,
845,,854.18,n
846,,521.7,n
847,Kyiv,499.67,
848,Kyiv,251.5,
849,Paris,659.32,y
850,Oslo,625.32,
851,Kyiv,772.25,n
852,Paris,322.47,y
853,Oslo,729.31,n
854,Paris,149.13,n
855,Lima,380.09,
856,Lima,766.39,y
857,Kyiv,915.67,
858,Oslo,477.03,y
859,Kyiv,936.77,y
860,Rome,256.86,
861,Rome,985.37,y
862,Oslo,995.52,
863,Lima,280.0,y
864,Oslo,192.36,
865,Lima,398.82,
866,Kyiv,407.14,y
867,Oslo,652.96,n
868,Kyiv,206.88,n
869,Rome,793.71,y
870,Paris,90.6,n
871,Kyiv,981.7,y
872,Kyiv,44.58,y
873,Paris,960.3,y
874,Rome,994.33,n
875,Oslo,184.0,n
876,Lima,-1.77,y
877,Oslo,328.15,n
878,Paris,188.16,n
879,,-9.17,
880,Kyiv,560.37,y
881,,65.72,y
882,,647.62,n
883,Rome,903.75,
884,Kyiv,826.08,n
885,Lima,-29.86,
886,,363.31,n
887,Paris,812.81,y
888,Rome,860.75,y
889,Rome,954.51,y
890,Paris,859.31,n
891,Rome,4.2,n
892,Lima,102.07,n
893,Paris,749.56,n
894,Rome,352.7,y
895,,40.46,y
896,,915.02,n
897,Kyiv,356.67,y
898,Oslo,141.72,
899,Kyiv,298.43,n
900,Kyiv,753.12,n
901,Rome,548.72,
902,Oslo,111.97,n
903,,623.49,n
904,Kyiv,258.09,
905,Lima,104.08,y
906,Oslo,325.5,
907,Kyiv,799.8,y
908,Kyiv,575.83,y
909,Kyiv,924.24,
910,Kyiv,238.85,
911,Lima,34.13,n
912,Lima,386.85,
913,,527.89,n
914,,333.98,
915,,-33.37,
916,Oslo,270.75,n
917,Rome,441.3,
918,Kyiv,279.85,n
919,Lima,314.8,y
920,Paris,957.98,y
921,,665.55,y
922,Rome,543.92,y
923,Lima,985.58,y
924,Oslo,440.84,
925,,723.61,
926,Oslo,400.71,
927,Rome,779.68,n
928,Lima,45.08,y
929,Paris,559.27,n
930,,578.67,
931,Oslo,743.69,y
932,Kyiv,-22.49,n
933,,251.4,
934,Oslo,868.87,y
935,Kyiv,37.23,
936,,475.97,y
937,Paris,628.76,y
938,Lima,601.87,y
939,Kyiv,625.76,y
940,Oslo,922.29,y
941,,168.69,
942,,766.57,n
943,,819.47,n
944,Oslo,967.12,n
945,Rome,564.28,y
946,Lima,436.16,y
947,Lima,92.72,n
948,Paris,652.39,
949,Oslo,95.78,n
950,Paris,614.95,y
951,Paris,38.78,y
952,,120.02,y
953,Paris,618.08,n
954,Lima,335.31,y
955,Paris,273.45,n
956,Oslo,561.27,y
957,Kyiv,721.84,y
958,Oslo,681.53,n
959,Oslo,130.42,
960,Rome,152.95,
961,Rome,638.08,n
962,Paris,760.04,
963,Kyiv,105.89,y
964,Rome,250.0,y
965,,912.64,
966,Rome,443.55,n
967,Paris,646.09,y
968,Oslo,480.78,n
969,Paris,344.2,
970,Oslo,949.43,n
971,Lima,495.44,y
972,Lima,231.35,
973,,96.47,n
974,Kyiv,380.94,y
975,Paris,807.24,y
976,Paris,694.37,y
977,,467.0,n
978,,300.5,
979,Rome,288.53,n
980,Kyiv,60.69,n
981,Lima,454.17,
982,Lima,514.25,n
983,Oslo,103.09,n
984,Oslo,646.1,y
985,Kyiv,641.89,
986,Kyiv,372.96,y
987,Oslo,834.78,
988,Oslo,437.49,n
989,Kyiv,421.33,y
990,,631.4,
991,,588.85,y
992,Kyiv,439.45,
993,Oslo,87.52,
994,Lima,727.73,y
995,Paris,429.24,
996,Lima,433.51,y
997,Paris,748.48,y
998,Rome,363.05,n
999,Paris,104.54,n
1000,Oslo,19.52,y
1001,Paris,280.25,n
1002,Kyiv,992.87,
1003,Kyiv,439.36,y
1004,Paris,324.56,
1005,Oslo,77.47,n
1006,Lima,245.3,n
1007,Lima,-7.36,y
1008,Lima,154.33,
1009,Oslo,320.12,n
1010,Kyiv,12.84,
1011,Paris,59.83,y
1012,,395.7,
1013,Paris,-20.72,
1014,Rome,936.62,
1015,Oslo,666.77,
1016,Kyiv,578.05,n
1017,,840.82,y
1018,Oslo,176.07,n
1019,Rome,848.28,n
1020,Kyiv,942.11,
1021,Oslo,522.62,n
1022,,369.32,
1023,Oslo,43.65,n
1024,Paris,823.26,
1025,,98.42,y
1026,Lima,470.57,
1027,Paris,805.59,y
1028,Oslo,226.75,n
1029,Paris,374.86,y
1030,Rome,111.69,n
1031,Kyiv,569.17,y
1032,Kyiv,516.15,y
1033,,833.9,n
1034,Kyiv,597.0,
1035,Kyiv,996.83,
1036,Kyiv,970.5,y
1037,,670.29,y
1038,Paris,963.13,n
1039,Oslo,214.92,n
1040,,164.76,n
1041,Paris,444.14,
1042,Kyiv,846.19,n
1043,Paris,702.7,n
1044,Paris,419.58,y
1045,,579.76,n
1046,Oslo,379.94,
1047,Rome,591.6,
1048,Lima,292.44,
1049,Paris,488.46,y
1050,Oslo,286.92,n
1051,Rome,444.89,
1052,Kyiv,229.64,
1053,Paris,35.51,y
1054,Paris,492.32,n
1055,Kyiv,456.88,y
1056,Rome,253.19,
1057,,84.09,n
1058,Rome,606.17,y
1059,Lima,865.5,
1060,Paris,159.16,n
1061,Kyiv,386.51,y
1062,Lima,535.5,n
1063,Rome,78.03,y
1064,Rome,236.37,
1065,Paris,916.76,n
1066,Rome,108.34,y
1067,Rome,713.42,n
1068,Lima,853.45,n
1069,,92.78,n
1070,,747.19,n
1071,Rome,94.73,n
1072,Rome,-23.36,
1073,,282.35,n
1074,Lima,325.48,
1075,Lima,122.43,n
1076,Lima,49.29,y
1077,Lima,323.61,
1078,Kyiv,149.45,y
1079,Rome,663.59,
1080,Paris,67.09,
1081,Paris,163.34,
1082,Paris,871.08,
1083,Lima,290.59,y
1084,Lima,509.83,
1085,Paris,981.9,y
1086,Kyiv,580.47,
1087,Lima,435.59,
1088,,233.33,
1089,Paris,304.84,
1090,Rome,407.12,y
1091,Oslo,670.77,
1092,,811.33,y
1093,Oslo,346.26,y
1094,Oslo,691.12,y
1095,Lima,431.58,n
1096,Oslo,134.6,
1097,Oslo,821.33,y
1098,Kyiv,-11.11,
1099,,137.4,
1100,Oslo,660.85,n
1101,,640.74,y
1102,Paris,62.8,
1103,Paris,414.3,n
1104,,208.88,y
1105,Rome,496.93,n
1106,Oslo,202.83,
1107,Oslo,588.25,
1108,Oslo,685.9,y
1109,Lima,343.49,n
1110,,237.58,n
1111,Paris,148.09,y
1112,Oslo,510.54,
1113,Paris,591.84,
1114,Paris,698.96,
1115,Rome,364.47,y
1116,Paris,958.25,y
1117,Oslo,-8.26,y
1118,Lima,340.48,y
1119,Oslo,492.9,y
1120,,194.29,
1121,Paris,631.26,
1122,Oslo,58.86,n
1123,Rome,39.0,n
1124,Kyiv,254.13,n
1125,Rome,389.8,n
1126,Oslo,463.76,y
1127,Oslo,293.75,
1128,Paris,434.56,
1129,Paris,389.59,
1130,Kyiv,411.23,
1131,Kyiv,257.21,y
1132,Rome,213.2,y
1133,Kyiv,282.17,n
1134,Lima,239.59,y
1135,,262.28,
1136,Lima,749.85,
1137,Paris,635.18,n
1138,Oslo,701.54,y
1139,Rome,357.42,y
1140,Paris,345.17,n
1141,,919.1,y
1142,Oslo,833.59,y
1143,Oslo,657.89,y
1144,Paris,847.48,y
1145,Rome,528.82,y
1146,Paris,493.11,y
1147,,435.92,n
1148,Oslo,41.61,n
1149,Kyiv,127.67,
1150,Rome,975.38,n
1151,Rome,986.03,n
1152,Paris,326.26,
1153,Oslo,921.9,n
1154,Oslo,-31.87,n
1155,Kyiv,-6.88,y
1156,Rome,506.86,y
1157,Rome,38.66,y
1158,Rome,595.95,n
1159,Rome,398.15,y
1160,,135.8,n
1161,Rome,6.08,y
1162,,127.86,
1163,,260.61,
1164,Lima,544.73,n
1165,Oslo,902.64,n
1166,Oslo,141.94,y
1167,Lima,900.86,
1168,Oslo,14.55,n
1169,Rome,371.1,
1170,Lima,110.93,
1171,Paris,634.16,
1172,Paris,529.93,n
1173,Oslo,70.76,
1174,Oslo,242.21,y
1175,,355.54,
1176,Rome,193.72,n
1177,Paris,786.5,y
1178,Kyiv,335.91,
1179,Lima,552.6,
1180,Kyiv,590.23,y
1181,Rome,200.07,n
1182,Oslo,839.29,n
1183,Paris,949.68,n
1184,Oslo,662.19,n
1185,Oslo,163.42,y
1186,,475.85,y
1187,Oslo,-24.3,y
1188,Kyiv,505.83,
1189,Oslo,805.63,n
1190,Rome,-17.73,n
1191,Rome,-30.1,n
1192,Lima,4.45,n
1193,Paris,761.01,n
1194,Kyiv,851.43,n
1195,,767.77,n
1196,Lima,168.05,y
1197,Paris,709.33,
1198,Kyiv,496.52,
1199,Kyiv,719.24,n
1200,Kyiv,385.72,y
1201,Paris,838.22,
1202,Kyiv,163.14,
1203,Lima,685.85,y
1204,Lima,898.16,y
1205,Paris,677.38,n
1206,,156.58,n
1207,,322.3,y
1208,,780.8,y
1209,Kyiv,404.95,
1210,Kyiv,96.89,
1211,Paris,999.27,
1212,,446.68,y
1213,Kyiv,818.67,n
1214,Kyiv,302.68,
1215,Paris,778.22,n
1216,Oslo,23.87,n
1217,,602.08,n
1218,,30.93,y
1219,Lima,-14.37,
1220,Oslo,530.3,y
1221,Oslo,317.31,y
1222,Kyiv,714.45,y
1223,Rome,283.77,
1224,Oslo,610.53,n
1225,Paris,412.8,y
1226,Kyiv,44.97,n
1227,Lima,148.54,n
1228,Paris,822.58,
1229,Rome,398.89,
1230,,232.04,n
1231,,341.62,y
1232,Rome,847.99,
1233,Lima,882.77,n
1234,Oslo,180.97,n
1235,,347.53,y
1236,Oslo,7.92,
1237,Lima,812.34,n
1238,,987.77,
1239,Kyiv,835.25,
1240,,34.54,y
1241,Lima,93.36,n
1242,Lima,461.1,n
1243,Paris,193.69,
1244,Lima,965.61,
1245,,766.43,y
1246,,931.84,
1247,Kyiv,26.76,n
1248,Kyiv,957.47,y
1249,Lima,695.99,n
1250,Kyiv,787.71,y
1251,,453.93,n
1252,Oslo,1.2,y
1253,Rome,605.23,y
1254,Paris,806.71,y
1255,Rome,860.22,
1256,Lima,515.31,n
1257,,307.66,y
1258,,-14.72,n
1259,Oslo,849.52,n
1260,Oslo,380.5,y
1261,Paris,330.81,
1262,Lima,761.82,n
1263,Oslo,964.68,n
1264,Lima,93.03,y
1265,Kyiv,634.91,y
1266,Oslo,-3.61,
1267,Oslo,651.83,n
1268,,941.64,
1269,Lima,277.39,y
1270,Lima,711.24,y
1271,Lima,518.92,n
1272,Lima,41.7,y
1273,Lima,415.71,
1274,Paris,788.34,n
1275,Kyiv,232.41,y
1276,Kyiv,985.01,y
1277,Kyiv,109.84,n
1278,,573.88,n
1279,,949.31,
1280,Paris,790.38,n
1281,Paris,718.42,n
1282,Paris,-33.96,y
1283,Rome,198.21,y
1284,Rome,756.37,y
1285,Lima,672.58,
1286,,716.32,n
1287,,301.48,y
1288,Oslo,875.33,n
1289,Kyiv,29.62,y
1290,Rome,572.39,n
1291,Paris,23.51,y
1292,Lima,-47.23,n
1293,Paris,860.26,n
1294,Kyiv,117.57,n
1295,,701.27,y
1296,,478.24,y
1297,Paris,843.01,n
1298,Oslo,10.83,
1299,Rome,689.22,y
1300,Paris,21.75,n
1301,Oslo,477.75,n
1302,,45.51,n
1303,Kyiv,907.38,
1304,Rome,88.42,y
1305,Kyiv,921.9,
1306,,363.65,y
1307,Lima,389.97,y
1308,,239.59,
1309,Kyiv,706.27,
1310,Rome,472.73,n
1311,Oslo,-5.59,
1312,Kyiv,301.0,y
1313,,429.45,n
1314,Kyiv,218.31,n
1315,Rome,363.58,
1316,Kyiv,-19.43,n
1317,Oslo,765.31,n
1318,Kyiv,913.38,
1319,Kyiv,671.42,
1320,,442.82,
1321,Kyiv,999.34,
1322,,48.24,y
1323,Rome,338.31,
1324,Paris,741.91,
1325,Kyiv,826.59,n
1326,,228.79,n
1327,Paris,246.2,y
1328,Paris,656.67,
1329,Paris,397.86,
1330,Oslo,462.95,n
1331,Kyiv,401.52,n
1332,Paris,68.38,n
1333,Kyiv,239.54,n
1334,,207.73,n
1335,Kyiv,28.35,
1336,Rome,17.65,
1337,Oslo,462.82,
1338,,883.39,n
1339,Lima,928.64,
1340,Lima,576.76,n
1341,,874.34,
1342,Paris,484.24,y
1343,Rome,-16.9,
1344,,375.67,
1345,Lima,-21.8,
1346,Paris,399.85,n
1347,Rome,378.65,
1348,Kyiv,989.93,
1349,Lima,588.73,n
1350,Rome,836.05,y
1351,Oslo,744.09,n
1352,Paris,556.64,
1353,Paris,526.24,y
1354,Lima,330.41,n
1355,Oslo,944.73,y
1356,Lima,-38.15,
1357,Rome,856.92,
1358,Rome,426.37,n
1359,Lima,874.5,y
1360,Paris,419.78,
1361,Oslo,623.25,
1362,Kyiv,440.9,
1363,Rome,480.3,n
1364,Paris,771.0,y
1365,Rome,220.82,y
1366,Oslo,104.29,
1367,Oslo,990.79,
1368,Lima,200.74,y
1369,Oslo,591.08,
1370,Oslo,713.38,
1371,Lima,331.71,y
1372,,768.77,n
1373,Lima,866.57,n
1374,Kyiv,236.25,
1375,Oslo,361.18,n
1376,Paris,983.07,n
1377,Paris,748.6,n
1378,Paris,242.81,y
1379,Paris,739.01,n
1380,,146.9,n
1381,Kyiv,982.8,n
1382,Rome,180.18,
1383,Rome,837.37,n
1384,Paris,415.52,
1385,Rome,406.36,n
1386,Kyiv,246.87,n
1387,Rome,27.48,n
1388,,891.83,y
1389,,861.86,y
1390,,954.86,
1391,Oslo,714.37,y
1392,Oslo,374.74,
1393,Kyiv,412.79,
1394,Kyiv,648.98,y
1395,Oslo,989.41,n
1396,,-22.6,
1397,Paris,181.2,n
1398,,7.39,y
1399,,861.6,n
1400,Kyiv,20.4,n
1401,Paris,239.72,y
1402,Rome,416.44,n
1403,Rome,-45.43,n
1404,Lima,342.85,y
1405,Lima,-28.73,n
1406,Paris,495.88,y
1407,Rome,302.15,y
1408,Oslo,162.96,n
1409,Paris,837.89,y
1410,Paris,358.79,
1411,,998.07,n
1412,,857.51,
1413,Kyiv,270.05,n
1414,Paris,424.81,n
1415,Kyiv,564.21,
1416,Paris,704.07,y
1417,Oslo,323.58,n
1418,Kyiv,344.57,y
1419,Oslo,799.22,
1420,Lima,547.98,
1421,Lima,200.68,
1422,Kyiv,846.08,
1423,,436.68,n
1424,Kyiv,68.63,
1425,Rome,674.65,
1426,Rome,807.89,y
1427,Rome,93.54,
1428,Paris,390.23,n
1429,Paris,624.77,n
1430,Lima,0.99,
1431,Oslo,417.62,
1432,Oslo,97.65,y
1433,Kyiv,996.69,
1434,Oslo,788.21,n
1435,Kyiv,687.15,
1436,Paris,949.23,
1437,Paris,23.3,
1438,Oslo,177.02,n
1439,Rome,925.93,
1440,Rome,604.6,n
1441,Paris,804.99,n
1442,,707.28,
1443,Oslo,-26.61,y
1444,,895.72,y
1445,Oslo,741.67,y
1446,Lima,948.62,n
1447,Paris,182.32,
1448,,82.79,y
1449,Rome,293.74,
1450,Rome,243.31,y
1451,Oslo,400.65,
1452,,995.78,y
1453,Rome,986.77,
1454,,-10.79,y
1455,,570.75,n
1456,,289.9,y
1457,,368.87,y
1458,Oslo,756.32,
1459,Paris,7.3,n
1460,,451.8,n
1461,,458.12,
1462,Kyiv,192.83,n
1463,Oslo,808.4,y
1464,Lima,724.48,n
1465,,212.12,y
1466,Lima,36.37,y
1467,Rome,860.98,n
1468,,329.99,
1469,,107.42,
1470,,803.47,
1471,,452.15,n
1472,Oslo,596.79,y
1473,Kyiv,487.88,
1474,Oslo,453.39,
1475,Oslo,282.15,y
1476,Lima,-13.4,
1477,Paris,436.6,n
1478,Rome,460.28,
1479,Paris,793.23,y
1480,Paris,217.3,y
1481,,604.96,
1482,,690.65,y
1483,Rome,537.78,n
1484,Oslo,899.77,y
1485,Oslo,661.22,y
1486,Kyiv,198.37,n
1487,Kyiv,245.42,
1488,,442.42,y
1489,Lima,947.49,
1490,Lima,17.66,y
1491,Lima,143.62,y
1492,Oslo,756.28,y
1493,,266.57,n
1494,Oslo,140.04,
1495,Rome,11.16,n
1496,Oslo,738.5,
1497,Rome,97.53,n
1498,Rome,185.85,n
1499,Kyiv,97.0,y
1500,,46.55,
